l9om7ydyeiqr,1988.04,34018322,73438.92,1403924608,8368
t35yivdb1pfa,3211.93,66409546,53195.03,1216761624,5247
alzwi0b7lu03,228.19,4404137,522530.02,1210370903,6988
vy0my4jfyeut,8768.46,131082089,245150.71,3486221636,18010
vmiarc39yres,59.52,2017996,2200433.05,6544280127,47759
6m5khs4cnqq2,172.24,5295117,621118.76,3372811321,26985
tkmrq8rmmql0,171.75,5339816,652605.49,2193133741,10482
rv8fxr56dolc,45.15,1148425,609053.14,1328772476,11921
6bdyk436p9cv,3007.19,43357548,71991.38,1029983511,3095
rmbme1ep8xxs,6143.75,91066452,79571.29,1149463260,5145
hguh04wdx4py,340.48,17081007,31717.47,887205539,4210
kexl7542ocuk,3598.6,52351500,40077.1,780718998,2372
ddvtsqvzb26g,75.79,3104715,122331.22,567091571,4225
rly2g8kduq2h,217.78,7113667,59569.94,574836668,2541
19lv1u44rnu2,38.69,213467,48144.89,546685084,2922
k2rdhosk79dl,177.43,5573797,26721.63,371135270,1591
tg3ct6093qb7,232.65,7632532,26861.25,478580371,2372
nfapbvhsks09,3785.46,55188659,27062.46,490901824,6349
8p831icill70,121.72,3006377,26755.22,381947810,2258
4yrn48as3zfb,132.79,3533252,26931.33,374456958,1788
0a4j39bdapty,44.3,277168,27097.16,360389132,1442
ej4tpa0l6ajb,166.97,5139144,25216.12,345305039,1529
knoj3mpnbmaj,44.02,3105594,21450.31,337265922,1524
evqx30ajh07k,141.11,3993844,25687.97,296795300,1721
ydrap2oum6vz,118.43,2921968,25533.08,317283916,1275
opo2js9ihp50,57.08,3603740,46513.78,290850122,2433
ev46pllkvy6p,75.51,4055953,171317.89,289437433,6689
jc3035hbf8ht,75.93,5057769,10370.73,265709862,1055
c5ncz8ltfyw2,65.08,2916886,41979.97,272536981,1803
0a2b5mgoksd3,34.94,650873,19577.31,240695856,1503
zftdswq8v061,113.07,2665922,46412.59,244055257,3213
s4d2j2uieezq,121.26,3057099,26074.35,228235170,2606
422vsz0gq3qe,87.89,1469404,45434.48,220215813,1859
4bs4xbxg4a2o,76.47,1051550,23606.1,226937467,1239
e1fa1zkgvbtd,88.47,1553482,68915.14,214805630,1950
znbznb8k858l,54.04,2875926,19669.55,214203690,1699
wxcjl2wyknoo,103.33,2206979,61928.05,213837436,2264
6s96k4gk088r,52.31,1332266,37277.27,204884670,1301
4h9ym8h2c74g,46.25,341991,155859.61,206643808,3039
c6bw4rj3sal5,54.88,3090582,12464.31,201253605,1033
ri89l5uy968k,85.0,1414352,20980.78,199528835,1071
u9gwixkz2i6g,62.95,699257,183744.46,199056056,1629
0m1a3ltaowlh,20.43,219776,25495.16,192699569,1140
cmlhvvm1ury0,116.03,2807523,24802.5,187420751,1417
jhdetk8kcs8d,121.9,3087998,21540.07,190828114,1346
jgfze3r8e6zy,50.1,1889706,23499.56,190687619,1480
9vjw272h5it6,99.1,2013297,20684.23,188995173,1039
0qk8ns33ymjv,31.96,352883,165168.24,186302126,2767
82g89wjcx5xx,84.55,1339373,21081.35,183778484,1327
qfbhk978jjdl,59.69,2187609,14648.97,179243984,1193
9vgq64t69kkv,31.65,1434782,29322.72,177889524,1693
iaq0die74280,137.35,3819577,17970.85,176429677,1598
z9toqop3r08t,184.98,2053779,128301.79,181750904,1782
ulg46lb811k7,98.82,2001064,29070.88,175099592,1388
jspypj7rek3b,165.85,5091233,6407.64,176444293,2671
gldzulzcyjcy,132.49,3591903,8448.45,169225974,835
yc2nztc3a9ot,86.18,1460729,44561.3,168814695,1809
l5w4r2nxgoqm,99.96,2052602,23296.91,166345849,1043
d9r59mxu22mm,147.58,4289134,9652.35,160819774,1442
bt9z1gdrpq6h,87.54,1516112,31649.85,154277490,1196
73ifmidzrdn5,163.36,1764522,109321.28,161016272,1307
3l6lciyzjmwo,196.77,2656419,82542.26,154561011,10083
zndju9el7xr2,143.17,4088137,8715.41,149791358,1099
7ix5bygr0ge8,95.96,1807403,8916.14,152748234,758
bapj4ru82lnc,137.09,3807518,11693.84,152467814,1247
7vdn49wymr7v,105.09,2218364,7774.09,143268150,906
5z23f0zbdohp,63.12,2067599,14256.73,142156417,1117
9vc320tev0rk,116.99,2853377,6855.69,143231252,758
hqydwgfo2g6m,14.73,159526,92061.71,143981115,14061
fq7smf9hp5g1,101.99,2145708,25294.43,138590868,1289
xbfrcct8uh5i,89.6,1599965,22020.06,139337621,1870
4ckxn9bx9oz2,96.36,1824670,9563.41,135705270,666
zlo64ngi64rn,87.96,1532764,9385.01,134918461,910
x4br97v8y508,43.67,1061041,78743.41,135905118,1741
mv914kqxpl7b,104.41,2257667,17000.5,134672644,884
1afv01inhnb1,50.45,408767,92105.27,134502375,6030
3zao7rnrbnay,64.84,711548,11067.46,131744127,1268
vx78bwtrjlvx,53.4,1923552,13589.94,131547818,1261
nt0mxev0zkbp,80.68,1250477,29034.96,132531112,1265
kya0d2esfebd,101.02,2101273,11405.57,130204943,817
wrwcyd2b6kr7,150.59,4425051,6766.27,129430451,749
u14ojgdy8sh0,190.37,6090486,15801.62,129362137,1259
2wq7nogfdgpf,24.99,478584,42517.38,129480642,1835
xe4uaoxpaxz3,162.47,4947011,5939.48,129064646,585
icg7v10k5xzj,190.61,6099810,5353.74,122646499,520
why369y57dje,26.33,539501,91898.87,122132058,4404
veek7nwb3a3i,131.17,3529438,8273.15,117454046,611
eeqf7s2ijf0k,49.16,1463571,31144.75,116818056,1422
sm7i06dqm0vy,128.53,3404295,7320.13,118633617,574
e507lqksbxuv,107.93,4488703,4484.69,116747040,575
t30esgj0v9xu,42.21,1459028,15638.36,116577472,757
vd9lia15xeeu,52.85,1479180,11053.72,116317764,1256
0s87tjvf4xn0,46.1,339766,14134.35,114546573,734
cdc3737zb9uz,90.75,1648613,6590.51,113416587,656
i1eo6xbesbcn,166.56,5121559,5312.32,111660919,865
liooijiueyi3,175.06,5476971,6609.06,111474217,2358
10zwvo4qfucq,41.41,241754,12797.96,110879033,758
zs704nargz31,118.54,2927385,13517.48,110385496,1414
vg1k0vusfr5q,99.12,2014153,14820.55,111237969,686
xxhjy2ubrqvo,112.98,2661910,6903.16,108405794,636
3rcp6xk7ikuo,56.19,857527,24091.07,109015151,1052
14on99kad1kl,79.06,1139777,8533.24,107447943,728
gkwx1qb794nm,118.51,2926008,8229.57,108900464,695
nzwf46k6ybrj,64.99,752019,14656.32,108203278,695
oh3zbpvhom5a,35.56,220253,38549.84,106832710,2861
pwo0y2skxr8x,51.67,1299560,37809.57,102984556,9484
6h4qu4lr2996,90.02,1555744,5451.49,104711965,574
fsxkyl5jkphv,118.6,2930582,8206.87,101371570,964
amb5xbfntutd,48.37,1598482,12772.12,101326987,773
7c27zn93rmmm,91.3,1608564,6821.33,99616589,664
7c530a3aztri,98.16,1903802,5050.23,95443202,579
37ga1q5946fh,53.63,465445,16335.56,95249713,992
urcqztqhf682,33.7,994467,12897.71,95353815,1082
yzi4ytq5t87k,209.86,6827197,3724.56,94974639,395
gjtx0rrqa8ix,94.25,1798587,20936.19,93770067,553
9ouv465a73iz,178.83,5631294,5427.96,94899940,530
u8tmvaofzdff,141.56,4014719,5624.45,93851269,735
ltagzyrw5sl8,124.57,3215783,7505.92,93598265,781
krngrr1jjyd4,118.42,2921549,6318.05,92971598,454
nislcur1igkc,107.71,2411916,7856.05,93339662,582
mr2obdlds6t6,82.43,1314750,15282.49,92775342,805
paoc2r6obxjq,67.51,821503,10832.56,92907642,649
0bst3xw9ia96,47.98,367923,4254.76,92547903,455
09zjqp60i9a6,66.36,750560,14600.67,93087239,1065
cpsu6jzubjek,208.64,6782626,4759.69,92454680,448
9u9q6vv1bbwl,32.69,457852,102243.2,91883969,5309
qiaphlvaqo62,79.33,1200096,4846.44,91145504,384
g5bvz3t0031x,80.58,1246651,14400.21,90727055,715
7iqrc760ksm6,14.9,189198,19451.12,90133337,762
rpfxpd8b1hbr,47.58,1680352,10159.16,91099771,767
ew0m0dj9bg3s,80.41,1240231,15523.14,89909551,773
4rojvjfgl7s7,72.46,924507,13734.48,89817166,989
fden0mpegt6d,104.06,2241212,11764.95,88961213,543
vdlmg3gvztdt,75.27,1060305,14961.61,88115398,941
oyenzxrvdbm5,74.59,1038145,16883.29,87343522,1018
n7u5sx74bvue,118.49,2924946,11412.57,87153243,750
75paejn5djse,76.86,1064423,7485.31,85993119,577
ldjmcsznphg5,84.68,1402136,13038.16,85170173,755
rlagtbed4r1l,80.7,1251143,6184.01,84482927,464
ckgqeqoj3zc3,182.72,5787827,3757.14,84284799,425
104jfu1ygny0,18.29,54071,12518.42,84714143,789
ciko1ihi5iq9,15.74,437000,14077.06,84218532,2696
zbbwvb4v32ab,108.49,2448657,6537.43,84378018,525
zsat3l1clonf,11.75,81169,166242.11,83747416,3886
uba0pmrrt611,150.52,4421617,5256.81,83876670,380
kwznbcn2ejfx,118.84,2941759,6030.19,83648099,428
zk7hb02h53kl,103.98,2237756,4630.46,82209140,994
c9ox5e58ux96,139.23,3906687,13632.8,82545903,1243
kkaghrjs7ruj,704.09,18365300,2846.13,82025431,399
yhro61pmda3a,96.12,1879920,8656.45,82227905,1086
984v3wbvgn2g,75.01,1051646,14389.81,80250512,763
e00zcllwroed,81.95,1297289,6470.84,80054252,507
3njdw3smxed1,82.79,1273750,6676.45,80122356,666
q47dbrvvxhym,506.83,14703299,4414.44,78844711,1259
6ozxx523l0mi,114.64,2667674,3828.18,79182814,355
bpltc55a4wjh,86.22,1462373,12538.62,78205902,794
06wblioecv17,53.76,467948,14620.41,76632154,560
gw1tjrim85zn,63.79,721001,16697.66,77626973,591
98zuihhon08i,80.12,1229570,6531.02,75937974,625
dceh504ut1ol,55.15,1986002,20594.09,77508066,2139
zbpj58el40tt,87.25,1340328,5571.82,75382446,718
8zkijf88c41m,116.03,2807709,11202.89,75883915,739
5rxkx69yd50m,68.21,801132,13554.6,74295796,779
z90xxyzyvycn,107.66,2409894,5227.88,73978558,369
9639ewtd0ti7,43.29,592525,22266.06,74064959,691
75ait3awecc5,82.84,1275354,4585.77,73686963,593
wfgtkhjea212,119.66,2981355,4604.51,74040250,355
kznjwu8wd7dg,188.16,6003954,3138.67,73556300,270
de18n6xugg4e,77.62,1140815,14956.74,73186455,655
kfo7ljtv7ccm,143.04,4082110,3653.75,72888024,298
utoqx5uet4wn,99.31,2022475,6097.18,73207601,547
blbqzvwyx1eb,87.3,1506191,7633.69,72663371,494
49smi2ogoim0,93.78,1712630,4016.78,72531703,367
r8dd2yvqbkei,181.25,5729102,3500.11,72644515,388
bqrziqvi28s9,176.47,5534628,3505.09,72486675,365
eackxijjd3ch,42.72,1142356,4285.53,70395091,396
ct02220yrkqi,116.88,2847985,4909.13,69983816,389
y68bpofd3ziq,102.66,2175944,6576.07,70461914,807
o7rma86cymmc,118.7,2935219,7919.36,70751210,890
pd3u9dij2lcj,84.57,1397824,12775.71,69922600,584
anh077uitf1j,135.93,3753273,4777.44,69949928,339
n9n9kfw0ma34,126.87,3325296,5175.49,68802076,459
s54h52it8f8f,106.03,2332556,5747.5,68241475,424
q1w4fnpw5qhu,104.3,2252360,3301.43,68158235,324
os7mo5tzfyl5,132.85,3196068,4271.03,67570988,396
8xs0c9fpxu68,121.63,3075126,4238.45,67545022,336
ez4hf4pv43nf,113.01,2663158,4256.88,67811351,379
aim6o2adhf7h,197.74,6374804,3018.88,67638306,263
0kefn3xa4f6h,33.45,140352,15532.65,67395133,1010
ak42k6ekqb9v,113.13,2668988,3954.7,66541759,453
vyvjwfugnz2s,116.39,2824497,4493.61,66144256,352
doa6405fwvu3,104.94,2282456,6103.08,65875534,430
5wzgq38414qo,89.56,1537328,4347.37,65774573,416
ur9oz8y8brog,76.29,1094268,9084.41,65365127,676
aand2gegvelq,20.48,842392,3513.66,64895158,693
ruvif07op3sq,84.72,1403707,4371.8,64175341,341
kbhft3trh237,108.08,2429353,4598.29,64180812,395
j509i3vxm7f0,211.23,6877030,2660.48,63244831,314
ja81e7cb1roe,54.86,1743326,3577.18,62412689,565
89s4hcgm44je,75.9,1033293,5458.2,62170827,606
dr5v97fikxtm,11.42,79681,25046.05,61709837,1863
1mrbi17y4wba,86.94,1431575,4389.1,61824781,415
03u5a9uag16m,41.05,237972,4537.52,61431844,391
5dp2s4q7dkqe,94.73,1753822,4122.41,60936360,512
f6zjq7aypxkl,140.18,3950738,3939.09,61661534,475
ha40faypyxwi,120.85,3038036,4126.24,60933484,387
13ygxtcguzc7,52.51,444537,16320.66,61182660,427
yy3jb335kjrc,49.6,416551,8673.99,60834322,1128
kq23f5tyzq5k,90.47,1636725,6345.64,60837647,492
zakegf1jseys,82.79,1328506,5270.87,60925841,340
h3efyibf2pma,168.51,5203963,2615.17,60604377,277
fg29enwzywl1,133.54,3640667,3643.19,60007021,438
r6c16smuqagz,62.53,688524,37670.26,59036329,966
0oalnpoxrpbc,13.74,8920,5535.03,58668873,456
80r9i40u07ca,58.8,569127,12572.49,58898396,1111
hl3ndmj1rtwi,115.63,2788222,4130.32,58513377,471
woq77rxuofer,114.78,2747657,4301.87,57849080,475
jig51paio0lx,111.81,2606272,3676.93,57792435,309
6aruq6i5ahlf,67.71,786973,5080.52,57647771,525
nvqm3xcqhm0o,69.29,872135,11741.4,57423026,1383
40mnsmy70arg,65.45,727294,10195.81,57702798,576
uq9pffedgz1h,118.16,2909021,3241.9,57099094,276
8sc0v1k49gvw,82.67,1269237,3146.4,56474776,266
09tvr78k30fl,9.76,20610,57345.06,56576258,1567
3lrresj512w1,58.02,552933,5295.81,55394157,606
yv1whhrjk4kx,119.93,2994309,2783.94,55829978,306
8hzznxqctb6y,66.38,751020,13320.29,56436805,476
27d58qqoj07m,77.32,1079213,3455.75,56273102,380
yrqk97reb6k2,39.76,786742,10006.37,55698352,704
e6cc1aru571l,36.5,477045,16366.15,55781446,804
wzecx78omz1i,21.23,205963,10678.72,55193275,941
194knkfwe2sq,91.56,1619465,5059.48,54965329,371
varygb8nw27t,53.41,486623,12075.31,55102667,875
5sf4qy1t54g3,110.09,2452575,3351.63,55282625,349
4g44h9z7nyt7,83.19,1288098,3693.04,54623377,343
tejd1r7gbb7x,84.7,1402750,3589.79,54583466,333
0nz2r9p5zfdv,56.03,511100,11757.81,54162285,510
cn3kxdh0rdte,80.61,1247617,9234.46,54977920,462
wfmbycsd38ar,16.55,181296,199083.94,53914968,37157
xlbzdzjxlvpg,29.25,792280,10211.47,53775321,518
ybw0w61asya0,64.17,730799,12234.35,53807722,834
y8innki787k8,58.92,602581,25584.0,53743411,755
9cwx4oq8t015,162.19,4934754,2811.17,53314020,241
it5auyg8iugd,90.47,1636890,5208.14,53685143,396
5cv0kr3o75f1,59.32,580156,5676.29,53439954,463
hrw03gi0ig5r,92.79,1734826,4827.55,53286881,399
0sl4rau6ozve,65.47,727720,6161.38,52874814,385
24iq3mehpocq,168.34,2553262,93782.41,53607484,4763
q07qw29d5yjo,183.71,5827595,2908.26,52214227,267
jgy788v4vvqz,91.88,1696325,4167.2,51853799,393
h67pt555em80,102.6,2173140,4137.73,52675955,299
nelhr9hmh3av,77.4,1133078,10475.8,51803763,870
25dk6iiqewg6,80.28,1182049,3805.17,50501222,1012
1iq1z4c3xe3z,98.28,1909211,2810.44,50424475,305
rpiif7csjj54,194.85,6264197,2221.92,51453049,444
ndzo3i07gqbd,55.03,518661,12092.87,51017563,1507
ozdzvhbcqwfa,72.04,1822253,3223.39,49869204,375
5nut6h973jwb,60.13,598264,5235.7,50120577,569
6r4ckqv35zxz,45.82,295670,12069.77,49061466,1783
q449tc43aime,106.38,2348823,3488.21,49211213,319
1cf4nfim1jaj,36.53,190875,10369.2,49027361,719
jw2t6ls8m3a9,88.07,1537502,4739.58,48655670,382
kx7pbq5ojl0j,174.32,5446227,2084.82,48086996,170
1bxafimhiwqz,97.73,1884492,3239.34,48592315,350
2e8a2682i512,36.74,648402,8991.63,48019148,1499
zrjznqycqswv,98.54,1988368,3386.91,47496319,336
9u5c0lx4xvxx,51.18,444596,5816.17,46902830,434
0opm9ulow44s,20.34,32870,94336.46,47171060,1765
isihldi72lal,110.43,2540245,3205.69,47196182,248
rnbmvazroxh9,63.58,715730,3352.18,46897544,198
9x4pzo1hdiri,63.59,715762,14602.12,46567536,729
970498mwling,126.72,3318057,3345.74,46517053,266
gabrgywn6o32,109.37,2489979,3528.35,46171107,293
0v7vif4gpiaa,43.63,268929,10990.4,46044144,692
xqrm0zgu7n2r,98.3,1977821,3879.31,46301089,272
52orqr2oggnb,38.64,255919,3891.28,45837886,373
hupw0rf41x9l,47.05,738127,8738.92,45901467,513
pyi7btpsnd35,98.84,2001922,4254.08,45740297,388
jql2fuux51tp,117.29,2867239,5048.23,45473973,678
r8bt7om38l3c,59.57,617870,11542.54,45416944,1421
0ntefy94v9wd,76.82,257368,48007.46,45239082,5235
0gngcasksqo6,43.94,308576,10451.35,45183228,797
v51esbpnk8v1,104.82,2276590,2851.47,45076321,269
70be27yr23ra,73.61,959383,4313.26,44546393,383
0l720rxo8faz,55.1,492973,5822.09,44498722,385
nf2v3vkltyl3,91.21,1668191,4209.07,44658645,354
lfb52rzvlh8k,118.6,2930148,3234.33,44777627,381
gb8mq9volanx,109.6,2501008,3369.13,44709540,337
ret7uxnuovp0,110.79,2557366,3025.23,44361190,277
k03s0cmgh314,105.8,2322078,3518.49,44464587,248
ku53almntob1,77.89,1150394,3220.26,44145769,620
11y34fi4sw0s,48.35,373967,5548.72,43958887,388
fmhqfr1yzs5p,62.95,699409,8690.38,44135450,722
eeu1tq10rs5t,45.19,345207,23398.56,43748375,4772
01pa224qfj4w,34.63,148500,82376.37,43332484,762
0yodrf4yof7k,62.37,650493,7642.55,42938366,305
bs0kx3xrbuq4,21.13,192243,63591.07,42870761,5686
xvy7tb9uss1c,31.63,571092,9331.55,42598662,332
lz1jrnss28gs,124.81,3227210,2954.45,43078030,362
w9aki76t6r9s,66.13,782737,4087.16,42517612,288
h9mxfdegq5iw,84.14,1380971,6759.1,42433920,740
0j47lhjmqggv,83.81,1310826,3027.04,42469471,318
atry9qilvz3c,78.43,2542134,2275.71,42438869,225
ou73nxbtcw0y,60.78,646096,9175.06,42307700,609
ooamqcuj5ci1,92.27,1712393,3800.87,42335621,302
cg20cz52u93i,116.29,2819878,2721.72,42202971,244
qsz7koekrkvz,39.34,509944,16981.61,42211541,510
6o07ebayv2yt,119.47,2898111,2158.35,41245228,173
n5kqgw2bsqgg,84.63,2515430,2210.81,41491416,214
i8kg48ervznw,94.23,1797748,3709.3,41080847,558
0nbx7pmapwho,46.81,350100,4106.34,41216249,270
nogi778bzhjj,86.92,1490564,4005.77,40870888,345
hdvnj3a96bxc,71.02,924790,4325.33,40640862,915
bnxgxyb1g2y4,63.52,713950,12754.95,40556465,1244
rug72ddxxptl,22.45,103555,47138.48,40585852,1705
09nfdrhhonpe,37.69,203107,10215.65,40474451,577
vi1z4znrt6h7,27.51,810264,7562.93,40372976,543
knf23rxhjrnk,59.06,605919,10220.72,39955177,413
12df2ze32ypp,24.35,213131,7834.81,39701764,1625
9xvr67d5687l,107.5,2402000,2875.97,39589884,295
vznp1ozat094,58.43,590506,9997.75,39708319,706
kl1fp36jqmtw,34.59,368942,19649.21,39810219,761
76qf4i6n1f9k,88.03,1474993,2852.34,39768291,336
rclhs9a2fnq1,83.22,1345268,4766.45,39473929,421
fpcrujsfpwr3,123.94,3185891,2541.78,39664303,247
ma3x588g6oqn,98.69,1995315,3990.66,39290289,806
s24o3yn4xl66,85.47,1432406,10471.02,39048056,865
49hbmcrvlbbx,47.46,359439,10141.38,38924415,464
p9q96l7and9y,80.56,1245841,4623.9,38708431,1584
7hftkmi40z0c,72.42,923301,3331.36,38981759,223
9xmwamqvfop4,84.61,1399292,4017.0,38653822,250
jiy5vljfkkhs,32.03,469673,11252.38,37903601,1154
7ccvbyktxxey,51.79,430813,3867.32,37934454,235
hputw444cvrs,99.21,2018065,3580.46,37816001,249
3dqa7pgtrd27,25.86,381393,9290.6,37634825,885
rocmm46zqlyq,85.23,1423383,3588.56,37665510,232
lnar13adxixz,177.46,5575018,1658.92,37261391,180
14fb7pfkvayb,50.24,405265,10235.85,37385805,406
0to0p8b8tlzn,31.98,130234,10460.29,37316226,407
la175edrw8n3,94.78,1821760,3088.76,37189806,310
dvuc9ys0ekxd,118.65,2932885,3984.18,37078354,403
7xcclcfhvccl,82.23,1252995,3101.39,37158668,189
9mb71oo9b21u,147.49,4285281,1938.27,36985956,161
m4or3vqnhthw,83.69,1363432,4160.79,36651984,263
bvk65xjk9uxp,64.92,750124,5141.91,36580918,381
yume2r71tz1f,81.15,1267796,3376.67,36488987,488
6ei1q8bduuqe,41.36,241176,8105.61,36485891,363
a71dfi34o7nw,63.79,720908,8936.85,36430375,568
0ar1i95zw548,21.37,67770,31888.43,36250444,1654
u3anhw7r3dy8,111.62,2597088,2358.37,36016740,221
hwzx7xiv7xhf,61.8,670020,6540.39,35360677,657
rldcefed5a19,51.44,449563,2521.78,35624563,644
9tjjmbz2mhdg,89.55,1597824,3247.28,35709448,381
lf0nvxtm1xli,94.55,1811573,3120.68,35800872,233
7lmef4eht1z2,10.48,25217,3280.59,34774735,338
cnfq8iiw5qro,103.03,2192949,2775.64,34984298,185
cjt2k102t5ko,40.75,717925,8486.4,34745391,558
l7o0laiqdovq,93.71,1775051,3415.26,34592059,352
4xyug2u02j23,60.32,602740,3133.54,34581055,333
7onz3nzal4vf,58.99,604058,5775.82,34269644,265
tdpt8bnaeyya,60.38,636823,9338.88,34070105,1628
4behuetprora,69.73,843563,3209.57,33994705,293
46s85xirxn4h,55.6,502257,4131.44,33937356,796
99c776jpysnu,72.88,982097,4514.91,33719582,422
sbuvzz6ghs4k,94.86,1824862,2605.71,33614236,222
l9ej7hutqn4w,80.6,1247304,3920.35,33432969,578
9op6apfdss5s,57.21,249519,94065.89,33249132,7789
f55ogtrv2omf,28.05,496647,6458.29,33258836,278
31bgas9mrn5n,63.69,682006,29570.64,33308552,377
ep68zrty4js5,108.06,2428579,2217.37,33305790,170
h0pd6uks1en9,80.63,1248498,3837.28,32956894,239
rqyq95gdad9d,84.15,1381342,3413.36,32871264,333
1i030209cbab,97.69,1882563,1849.51,32649632,184
lla32qfdtocg,23.83,368494,8343.19,32180702,620
fn0v33ptcc8t,167.93,5179584,1418.7,32156712,122
o2in19ytxxg4,72.16,959222,5247.9,32119249,546
li11uy1888sa,71.09,926998,3216.05,31999380,226
blq3bm8sp7j4,78.17,1159803,3460.62,31797438,221
nsjlqek1plxv,109.31,2487522,2376.83,31495592,1983
qkivlmuqb2j4,92.19,1709235,2857.74,31542914,289
09hsteqf0ou4,17.24,48752,8675.78,31217220,740
w1z04fif32af,26.22,510333,7992.8,31147123,420
h6qpiyak5xf7,33.85,789753,3631.53,31186553,316
cwrhse5kmdo5,51.66,1402607,4956.67,31133085,810
avsehu48ste5,56.4,547673,7883.83,30938904,1126
03az7jcj1lfy,41.29,240502,7479.16,30782476,138
jl7rv8i63jcn,108.22,2436152,2009.49,30832092,196
7pqoerv0032c,35.17,179017,15475.61,30922792,710
33704vao5z6y,78.66,1125837,3050.24,30803793,211
yoqqv9o2wrpb,107.13,2384765,2180.47,30434189,203
3tkh9rou8q2p,64.75,709380,3902.04,30499794,306
8l3eketl9ujz,74.17,976589,2856.07,30254977,237
r5mkf00wjxlx,57.88,578861,6386.93,30292471,382
chaof7z0a6e3,86.42,1470496,3052.23,29994698,383
w49kwr466bxe,68.98,862840,4013.15,29637599,361
5apw1ylsq6o6,34.36,466684,2123.66,29784719,324
plxatpbbbdmm,101.98,2144857,2070.23,29811338,188
8wwxl76inpg6,32.83,136101,3857.73,29401558,417
cgtu2mt23md9,95.38,1847651,2896.78,29596054,208
28s58q78vh6x,67.25,774127,3420.56,29510183,264
wj5fcui8m5hr,77.07,1121494,2157.67,29135469,185
tk154yulo5wr,85.03,1415444,2838.24,29474551,162
v7m5mz97y55r,67.41,818775,2960.52,29502746,248
15x4pg4jv568,19.81,60810,10230.84,29222209,739
g7tl27ptb0cj,15.6,169852,10809.5,29045252,1129
j7fvh6e9c55v,60.19,632201,5452.63,28827238,519
h9tl2s4coykm,27.18,528181,2749.23,28883505,265
t0u7bpcojuhc,13.18,95914,8084.72,28492731,1271
0qp0ebjhvv85,60.59,1027733,1928.26,28458307,165
cgpakged5cip,64.76,746105,3999.46,28303989,1614
0mnge5ovvx27,9.78,17158,2929.6,27953417,280
1yzrro7dozkd,18.2,53681,6394.52,27778808,467
plf4r1wxnt8y,60.31,635069,6274.42,27705558,812
v165on4irt7h,89.51,1596217,2489.54,27671325,198
c6nzpqe7ru52,66.32,787998,4135.06,27533868,246
5cyq50qw1kv9,45.82,335761,4456.51,27193401,342
umzfn8kobjxx,53.28,484251,6159.2,27338140,705
tys4mw67i19e,34.12,649643,7076.23,27270717,410
0slq4scu9a0z,64.63,706145,4499.26,27006841,209
9erzfikxtpqo,49.3,796705,2475.92,27000353,390
8j7i76pfj5tb,66.98,766380,2560.01,26859627,208
jx6vsuhmawo2,87.21,1502368,2324.16,26699432,238
k1ok4ycfvecy,57.01,560528,3368.91,26804896,209
9jxcfmb3s4aa,73.8,1012149,15841.05,26964985,314
qfs4nh7809el,81.24,1271044,4319.68,26773844,432
bc7264dd56qg,19.91,200647,47264.22,26683709,1228
0vnysamw4i7b,54.88,488890,4028.07,26544419,356
npi1keroya8k,87.18,1501267,2695.54,26533687,299
bbdthn3bmorg,48.55,398963,6054.0,26211495,1717
ks78yfpiaeuj,94.73,1819620,2133.04,26321548,158
v0ar19lo853w,52.05,460977,3316.73,26226197,357
lu7bbj47423f,78.2,1161065,2790.55,25828410,242
0gt5y8fosu6z,24.82,227481,3441.78,25589642,425
vcklca32rpni,84.89,1409947,3161.07,25745878,232
wjq8g8s2vefm,45.77,353661,10424.51,25487023,642
5i9at8u2pohp,69.88,847587,2841.73,25519780,186
yj9i1t3bz6pa,85.45,1431669,2684.02,25484976,191
0vdwotmniy0f,60.95,617419,2773.29,25194839,218
7l85h98o1wj0,81.89,1240573,2813.44,25335770,363
q12pl0lqk7b8,22.2,101971,7849.19,24960446,887
tlswjrtccbh5,121.58,3072288,1585.18,24946808,135
2u73jv0tzhnm,72.58,928277,3042.96,25268330,104
05y8h8boxcq5,21.44,120868,17593.24,24784860,1285
s4wuri7nbkpj,83.8,1367686,2487.55,24805849,184
doy0j2p10rr3,67.89,832104,2984.27,24739461,310
2ap5xplh4wnb,26.18,361572,4438.52,24539560,412
kq19ia6vx24y,94.4,1805130,2225.32,24720864,152
dybu8roq2ue3,55.56,529882,1478.13,24431610,121
lijyxrcvnhzg,81.57,1283017,2356.76,24088277,205
12mdvzmbvk1z,20.81,65282,2733.6,23927452,178
yh5a5imtnlla,96.27,1886817,2260.16,23843349,589
p16xbceo9fa0,86.9,1489787,2403.06,23526803,303
oc383a0kavd6,60.91,649252,2883.78,23559284,191
k28wv0m2l1xt,28.72,152686,13473.06,23561037,1122
xlw7nlfvu0e3,53.07,480313,3624.5,23762693,260
zdf9tta1f3ns,69.73,885317,1920.62,23674492,133
5n5i9j3ydltp,52.82,450331,3679.45,23564904,231
9n3jlfdkzgp7,63.47,712802,3620.08,23308470,290
jqpvafir8m2s,65.65,768833,3767.08,23247995,205
1lu4gf5gi6ov,48.98,384407,3864.27,23369005,273
8e89j8zc084w,53.97,471945,2920.42,23124509,201
m0fv7t7f6ess,72.84,980723,2666.58,23070807,161
ks28ukizw946,49.08,407945,6815.48,22741750,1232
izh47eec1tej,87.82,1527319,2158.77,23049870,229
zoes7qjmf2wz,97.63,1947894,1793.15,22769803,160
sq9azs12ahv3,85.97,2000838,2010.24,22670097,335
0wkqityry8gj,6.9,29162,73772.07,22679466,2681
1a4nqlqgh8sr,49.49,392823,2869.95,22465020,126
ytzgoo7rrjcw,88.68,1562071,2136.85,22597032,195
0uoz3dgzxdd5,20.22,171119,9150.31,22359921,516
hu0yr6tbe194,68.05,836710,2679.33,22416195,208
irko1xarbj9u,119.1,2954625,1423.33,22527277,145
hj6w1baygj7c,53.21,2254429,5439.9,22350362,270
gbk3rrdj4kg4,48.58,399594,6710.33,22093331,1342
nz37viudvyv7,63.45,712281,4109.19,22112299,381
tio5hfln586x,59.06,605796,3975.1,22027370,1138
ekrouid5gdvn,54.46,506360,5439.6,21801212,487
swbk4xcha3lj,35.91,224091,2215.36,21938268,169
zwc0eu8xj928,55.44,527381,4400.72,21778857,380
7d8zl4prmebb,20.89,279044,5733.37,21860217,747
25unvgztfqdk,52.44,443270,3492.22,21276516,711
kp7ypsdsrc0k,51.75,455407,5293.27,21290217,482
x4pesoblvu88,94.46,1807501,1759.42,21535617,144
u3dorkrfnvhn,80.57,1246357,2188.57,21367440,190
nfr8dz8vmmxk,38.72,617627,2928.23,21430147,197
13lg6s346jfh,35.54,182240,6344.33,21156779,177
wq3vdvccsjdo,70.32,903442,4853.82,21363134,528
oum3orttna8l,52.85,476193,5754.36,21262877,310
iq1gb3021zr1,113.13,4346908,1858.44,21371385,94
5wxx3okc3v4u,59.35,580719,1690.42,21098644,99
r32pnn56o4xm,61.31,658588,2316.67,21257243,154
ya5oavecpf0x,26.77,450456,4692.11,21124963,155
32u1mj062wls,45.7,334027,2984.36,21003264,285
1v4lblwdc7jo,22.29,330877,1655.6,21030524,159
mgnzzd036uzy,57.96,580628,3383.64,20783927,255
l6oozc5daf47,89.44,1593281,1993.0,20777533,180
28cdnhqv0cy6,48.57,377625,3849.14,20857808,193
zx678fhm54hi,46.48,364059,6700.46,20591548,1451
9nrxle965ac6,97.15,1926233,1599.2,20552658,127
0nhcrgq0vc85,30.85,259442,7566.67,20548821,577
xo31stb25uiy,81.46,1279208,2065.85,20529739,200
58bvm5ehl26q,56.69,524853,2747.96,20309185,539
jg8f1z2nsl4t,47.95,389072,3401.04,20286495,261
qf11emo4yejq,49.85,420751,3146.46,20555128,172
yn4l6itt8x4y,70.03,894483,2598.12,20517586,452
bk0gebsso51t,88.16,1541141,1960.86,20314196,154
eqmoedqdk13g,78.25,1162886,2504.02,20053752,174
tmvxdb3gpqcs,70.31,903258,2393.75,19940995,146
5us9ehev7mus,75.18,1009627,1901.06,20076132,279
yzwokle6hg7d,52.06,461252,4895.31,19816383,450
j2nwwrjoznoc,32.98,191924,3571.91,19872446,166
j3v7hdohde2f,40.55,640224,1819.25,20121026,115
fy227xg61340,45.91,355697,6716.43,19888763,594
h8q1joq88nhf,54.79,513630,4788.15,19617527,452
o3mvj567t9cw,54.38,504911,2618.9,19421562,515
qm35zsdh5rye,52.04,962778,1929.74,19646263,83
2t4ggni1wqeq,52.01,434543,4494.02,19582185,269
nek5n0tszjyp,64.76,745998,3579.52,19480938,194
004fqusrbw02,60.4,604547,2601.0,19223320,135
tj4gprzceaii,59.93,626269,2093.79,19307714,223
b6nxvbenbty6,64.71,744576,2561.42,19211827,541
1y5sqaz9k44d,35.2,179269,5889.71,19127465,543
i4qzsem7w79x,65.37,761788,2087.78,19318809,207
gmiyu1l01lhk,78.82,1182501,2136.04,19487751,144
huklwongigvk,34.75,735397,2253.09,19066434,1133
8s09djsws7wj,62.82,1155556,1526.71,19100593,233
ie98pb0txu3q,59.86,624672,6651.54,19142486,594
ryvxrinseo2x,39.12,262006,7243.12,19072097,863
rm61ok9jk9vr,55.56,529972,3368.75,19123235,575
dx20ip10on25,87.81,1526810,1296.55,19234000,168
7juk79zryf6s,38.83,214940,7894.92,19030791,601
3pavm6ce8i0q,47.29,356994,2373.06,19045955,450
0e2snaabv8ve,39.9,226106,3770.33,19006813,427
4facneqy94jk,39.77,224673,2480.93,18942395,164
nna0t04k49bz,53.2,482666,4690.28,18911330,445
3hwuw2bmoqad,31.2,124880,6103.18,18914593,582
kaew2lq42n2r,59.09,606433,3399.1,18910145,349
nkdpbymck4rf,51.88,457746,4770.18,18876001,434
kduit5254e0j,112.31,2629958,1307.39,18985533,104
zb0dvv788kuk,47.63,735855,2376.75,18967329,308
ozti4wt5r5e1,71.53,1087685,2168.04,18607862,819
hju8bmgjq8xz,37.86,630240,2428.42,18715689,304
req95k8sbzra,52.31,466001,4748.41,18633187,418
t40xt1kao3mw,50.09,424619,4656.85,18542763,415
clyuik091x58,163.76,5002034,817.49,18761069,73
5o6n4t31zpn5,30.78,74138,42497.39,18444381,5382
3s1nwdop2zkc,53.22,457912,2805.93,18517972,159
zvfj9fj2pils,23.42,439549,4153.72,18162640,624
fyz2ss1vp89g,68.97,862582,2453.25,17878568,236
liogt7mwnlmy,53.47,487746,4137.97,17705912,392
0qwmesrhjvan,43.28,264710,5940.34,17423393,891
j8dva60t3a3d,72.75,977758,2472.17,17561785,232
128mhzcnujom,40.07,227843,2543.15,17342512,196
oszu9j0zvb9t,60.21,632728,2425.53,17433278,158
pxfau9d9il3d,49.89,421381,2971.23,17208462,466
jje7w7zw89sp,84.67,1401585,1663.33,17315103,109
04i3cg9czjiu,36.41,189824,2194.16,17225610,186
wosgnt1h4mn1,67.94,833563,1993.67,16987199,176
oit4vf5dqt52,102.35,2161803,1966.61,17126143,229
dwnsnrd9yy5c,58.46,591622,2198.45,17164837,134
k1tzt52slzj1,58.15,584659,2779.08,16867950,397
s0baoxlbwkx1,94.04,1789333,1411.33,17018097,124
dxhi4j22q3kh,56.19,543270,3144.09,16842138,261
2piuq4l2h4m9,42.17,251096,2538.99,16904931,127
ip9fsefjowjz,65.02,752587,2301.33,16811218,212
e7kd01f3942h,52.14,462793,2780.09,16616135,1269
vrhak8vwz9on,84.91,1410762,1842.57,16723876,138
2zu74lkhn5nd,41.46,242262,3733.97,16526091,381
zandhxi9qcej,56.23,544008,3930.24,16485735,617
fx0202mckqun,52.13,462589,3295.57,16675917,275
0h5445qsb0i3,4.38,6640,4983.59,16406545,1012
h7z9lizi1fg1,51.8,952629,1916.72,16567182,230
lmouqiv0wrbm,142.7,4066585,885.52,16442943,96
65kao1gp5xps,40.45,231767,2790.03,16378129,1260
4imaagsvyldp,38.7,213624,2790.0,16389572,1240
1y9uww81809u,41.81,245840,2807.86,16352780,1263
opvuby1nq3w0,60.11,630528,2358.33,16429533,179
x4eitifcwcuw,55.43,527099,2761.09,16321472,1285
tr4asq55g8oq,50.7,434871,2751.72,16254827,1248
gwkf3ol9ryc3,54.86,515102,2748.47,16295996,1257
9fucreli4g2o,53.99,497631,2770.97,16330341,1261
mx4t1pz0ufbp,54.64,510424,2742.48,16320875,1288
qvwwwhswrz5c,44.06,328685,4743.67,16324245,207
0xesdck6gto2,10.14,24283,2780.89,16247747,1272
hmlsflyh7egc,51.88,457804,2739.74,16203980,1281
yoly1os3fwtx,53.92,496277,2736.16,16192786,1259
eo6f9ctktjqz,50.1,424892,2757.25,16205269,1240
a5qjonh69ngr,57.08,562036,2741.68,16168023,1220
tw3tgiiqixva,54.63,509622,3288.02,16180530,820
0at515nqlb3u,9.85,10518,2797.37,16146904,1243
mnqtsm3xl15l,54.67,510992,2716.8,16176811,1267
slx44o146b6t,58.55,593755,2756.45,16199621,1239
movov9ykh8nz,22.88,327737,5184.2,16117183,535
btk3r24k3977,73.6,1005817,1714.22,16257324,169
jqyffa2eqkb0,50.99,440926,2720.67,16073245,1225
zwvyza6hakpd,54.87,515332,2723.31,16082231,1223
zk66pcprowe1,53.86,495157,2731.53,16073646,1261
2hr1eme5y1e2,42.91,260142,2747.06,16054498,1229
pk8utev6385m,55.41,526677,2720.54,16063706,1262
cydv969wyzvy,66.46,791987,2014.14,16335091,149
ije55k2sejx6,52.12,462288,2732.46,16031547,1241
w11e1alc1xka,55.78,534532,2730.96,15990230,1217
8xoehah5xus8,52.18,463530,2724.8,16009301,1240
8z4ouiu0u55l,54.89,515811,2745.84,15964975,1236
2hrshbfl9ulq,51.22,421531,2519.61,15980939,334
wijzi621k6cu,54.44,506157,2717.38,15985888,1278
br3z4epgz87z,55.88,536664,2738.04,15982008,1244
0ffc220qgq7p,35.86,185014,1798.9,16110409,109
vya5kgbqbq76,53.0,478888,2712.75,15936468,1221
q48cm09970wv,46.0,357005,2704.21,15912766,1239
7qvtoyxjgfez,35.55,182345,2768.32,15910230,1227
7juzhzvzai69,42.77,258465,2752.83,15924655,1214
jdkd9gjng6qp,47.22,376885,4343.26,15918904,304
l88vqwgkcf01,54.54,508037,2705.61,15886890,1236
ns28j41i5bml,57.15,563553,2705.82,15871950,1222
we91crig525v,53.49,488119,2716.47,15822329,1236
dru72nga9s01,55.68,532387,2720.47,15806004,1241
dk5c1yfphsso,56.68,553512,2712.91,15807967,1229
t68udn0wfuw9,53.7,492229,2703.97,15805615,1239
2yuu0ldc0osx,61.85,638549,1685.52,15982389,226
vd7uyxyo9o60,54.32,503730,2692.69,15749330,1211
dul2atn080xr,58.85,600920,2711.14,15767638,1279
b4dwiw694iky,50.79,437199,2704.92,15759898,1215
bbv24ydtwlfp,53.62,490643,2716.8,15756723,1247
rzdlxj0wyw8b,92.75,1732974,1290.63,15990297,72
r8yyov0xuvqf,52.9,477125,2686.89,15730468,1263
5p3zbwink4k6,43.67,269479,2761.29,15695430,1240
x2lcfqrhk0bd,85.96,1451258,1669.09,15731834,154
gept5uziqm55,49.75,418981,2713.72,15707144,1241
x2u98xajacl6,51.75,455361,2717.77,15685198,1230
gsq1m7h031f8,56.33,546220,2695.83,15708315,1238
emiry0jh4ojf,51.93,458793,3779.06,15670911,358
07rvfdrqmwac,32.98,159880,1980.1,15599241,218
x772ot92ogsl,51.75,455406,2713.25,15613908,1263
zjw2oveaj6mc,53.17,482182,2687.7,15571848,1207
32grz066k4bk,44.49,279461,2733.78,15582220,1226
9sjbbs63mzer,54.8,513753,2696.71,15574097,1230
y8nkcl3m298g,49.15,409102,2671.57,15570460,1242
igeki0rr60th,38.4,252786,11737.66,15666858,359
e5lqu3us1twr,49.01,406727,2687.17,15551124,1227
0rijq99btxvb,42.24,251963,2709.66,15402693,1196
7hvp29trwkch,43.53,267788,2715.24,15328712,1218
03zjm7wqbwy8,40.7,234312,2691.13,15295226,1193
qjvvig6n67wy,96.91,1915429,1510.7,15573497,102
br9luxevfsev,43.63,322304,2734.73,15225568,442
r7ueid02jdmp,29.14,156506,6784.34,15288389,669
04bgkfjytkx4,41.45,242148,2698.79,15177576,1198
zdg1mws4nv7w,79.42,1203648,1520.94,15192018,97
yu81i6a54dky,165.39,5071876,620.33,15338516,87
e9y83dx9mebp,34.99,214077,9115.5,15230173,826
elsp39q57kmo,42.76,309689,6577.98,15094894,717
u34sop6rhut4,101.89,3273425,901.6,15267366,68
hgpvguv1u18x,12.13,133259,26607.22,15034553,2053
v6pufmuqtsbr,27.5,141992,3336.96,14983573,516
ub582xdz92kv,60.75,645431,2211.73,14903972,129
76g3hkhvw0ww,62.0,642030,1856.22,15047442,120
eo0mfr4woxhd,74.48,1034385,1627.52,14957963,105
11lpwsck080c,40.13,228436,7869.25,14668378,746
iclwu7w51j3w,41.62,293639,2224.34,14618128,511
1a5k51opzbnc,46.83,350371,1357.31,14920980,105
qup8n8nb47sb,56.28,545154,2233.22,14607235,317
x1bnlr3s2qqu,53.36,485747,2968.28,14547123,597
tl2wfrh538g2,34.41,207750,7866.85,14560315,367
ywpjgyv7rds9,49.74,1026586,1340.9,14426954,121
kixbk8licgx4,73.49,1002002,1896.27,14239497,376
cnfy3o84iy9f,85.73,1442539,1496.22,14432234,127
v50y5ffmzlzf,62.86,697025,1776.63,14216232,665
1hb04ys668pa,57.31,538000,2234.34,14071411,511
ds6uve9f89zk,66.42,790887,1863.53,14040772,170
9ku4e0qrbs1q,62.52,688239,2092.88,14049347,243
7y98vjrbp32g,45.33,289719,1794.38,14113487,256
j9156xf9q7z8,49.84,420507,3055.27,14066200,206
7v4glcqprwj5,28.02,103480,2801.26,13774140,362
grwyzchsc8b6,64.96,1347696,1290.59,14241797,174
3kb40bb0dnge,28.73,107470,5789.47,13781959,533
6ox8l1c6y2z7,20.25,62768,5990.52,13711193,519
dxht5lvpayoa,72.27,962777,1991.78,13750319,209
537xxv2u2pqd,33.95,168397,3629.33,13669308,615
vb3uytekofmz,60.19,632389,1970.86,13669654,131
vvvh4t7n8jj3,77.56,1138797,2281.75,13608407,387
k38i9m7yq4y2,46.79,684796,1618.27,13561180,114
srxk051kruka,71.79,948215,1792.81,13368333,325
qlgwar1z3uet,40.15,489105,1604.18,13395103,114
0qdersp8lb8x,30.77,121910,3070.06,13296148,144
7hho8rj7qu4t,47.94,367240,2379.13,13297241,362
6q6n8tits5y8,43.77,270699,2401.03,13231500,463
610pnk18kyim,44.0,309464,1546.48,13157626,180
05s2ozvlfr0e,29.96,187085,1418.57,13099163,106
h8dcbzj833on,29.14,360781,1949.93,13159411,138
fgtl6c2877c3,63.65,717291,2590.9,13250137,241
uilhdcmspoc5,48.56,399196,1317.81,13246165,183
8acbxjr1t2qd,28.54,106421,18216.39,12910764,1831
3jam1f7xo1du,94.51,1743971,1182.81,13181816,135
94u7t5yvbz4c,89.11,1579271,1668.69,13104753,124
voxyea63fbne,72.47,1211904,1237.76,13008445,170
19y1lfr1cp69,7.33,22251,23643.3,12831004,1708
0szylvjcu6ra,67.99,794746,1228.35,12738551,100
0m0jeqtvp750,16.96,47775,1655.58,12621505,159
1el4e83b4s1l,52.15,437757,2575.52,12837901,135
7rf6n8xvi0mc,38.35,209938,2491.89,12585956,390
qy3se72gkrvx,75.96,1082792,1192.75,12540151,140
vhxzjhn5v69z,66.81,801714,1895.53,12736233,106
q48mjk85luvr,58.9,602086,1576.84,12525764,181
r8dl12d9satc,19.93,194036,4120.71,12510819,479
vmbpmz5s02b1,24.3,117336,2559.13,12472158,250
56ls3oagofhe,73.8,1427029,907.01,12747278,64
0bypremb45gu,36.67,295827,1052.2,12406174,105
0o0lmka5bnvg,30.97,123268,1321.38,12424242,120
r6mexg9hdl4j,41.88,604029,1232.25,12511033,108
80bjzalv6fan,52.73,448583,2061.03,12582203,76
zijgftlbgrsv,65.55,1335592,1192.93,12600912,166
no7pfp8r6q9y,43.77,846228,1393.12,12413337,68
vw4nt8gpimbl,39.03,260844,5102.06,12331110,308
op88oi5rnp0e,67.6,1175171,1147.63,12204011,143
r3yr764dh496,47.31,378359,2636.29,12157683,389
d22pzmgxokb9,60.42,637713,2131.21,12122928,253
bat0c5dvwwfb,47.61,383375,2146.15,12164992,412
gtnztq671sqi,33.29,194774,5508.08,12122404,1251
2vh9r3mhgtci,62.67,657626,2005.24,12227282,324
gwrpqipmhqt4,50.91,1303293,1476.03,12209139,64
kba5xxz4bnai,63.94,724758,1782.17,12102555,94
5r0w1ue28wrp,42.88,464835,1124.74,12132713,92
ji45ket8ffqo,23.65,112266,4713.48,11853366,731
kg44w5x68lux,33.7,200093,1989.63,11875620,284
0frop5elfe6p,29.27,111520,2593.37,11784862,223
vq1vmtrgit8a,14.2,313510,1558.65,11830699,484
89l8uv4zciik,31.18,1517973,3591.59,12138594,297
opkhudb1g6nn,43.9,326303,3412.12,11791063,521
jzty5ridoske,17.41,445181,2356.9,11766064,1183
z3c8v41tshnk,39.35,264887,3373.29,11762753,501
e19kyz6lhzzi,64.54,1551305,1503.62,11782554,64
hml4rvbc0y6e,36.98,235685,3265.46,11667382,480
hyq96uxvue16,61.48,662372,1105.49,11706715,149
05z63rtir17g,16.42,140837,1818.73,11634410,383
fqsuaih1pjph,42.39,304287,3304.27,11663079,508
18lp4pt033x3,40.59,274946,1015.91,11596429,93
unu4evpix1py,51.72,454766,2896.67,11737324,226
xivo3zb10c30,42.11,299758,2085.48,11633800,403
5twdsih180ui,36.9,194075,3225.28,11627932,489
a7i3nu7lzl6t,40.15,275012,3373.64,11588215,511
yhu89109e9qv,38.65,255954,3274.0,11622942,485
5c3ji6zjsa60,40.71,234504,3192.8,11625049,462
qo867862fr8f,56.46,548933,1963.95,11582148,890
d0gl2yr6wfhd,25.12,352228,2488.29,11705455,269
txw8kzs6etfz,40.93,284844,3356.19,11584566,511
146dwajqlvyd,34.34,146550,3419.2,11536677,514
wcdi2z1edeqs,43.37,318619,3133.85,11551104,448
aooelitv1957,40.44,278648,3226.21,11545225,495
648ea4rcrjel,58.25,557698,1354.47,11609104,114
d2rbkiai1hrz,43.46,319935,3305.12,11576845,519
gb1p3ifqg3sk,45.64,351759,3295.5,11533418,514
0kfzjaql0hi7,34.88,242921,932.69,11478396,102
0ayqhlq5oj4c,41.22,239797,1753.02,11467358,143
qrlrwzwxwctb,38.72,256919,3224.71,11507922,485
1573ak9xtf1k,9.67,10313,3318.85,11471408,491
bouisczz3b13,42.97,312705,3393.4,11502882,493
fggb6ghxu2g7,12.31,269614,1583.66,11470102,484
ksw73w06phif,39.15,262360,3314.11,11500408,507
xqqxibqwxglz,35.66,221408,3215.75,11489877,469
x3dc975s9v72,35.37,218224,3270.53,11456319,493
63i4evglqcuv,70.95,878789,2025.36,11764690,176
wkqb4t3d6cgd,69.0,863198,1487.3,11690387,93
0jpjzdttt515,11.97,30255,3383.82,11470145,495
isd4twlpwle0,41.16,287832,3253.74,11455718,507
ibpau1d7auay,41.85,296476,3285.03,11460895,511
buhy08nl2b17,37.05,236501,3258.15,11451323,471
abldv3u9t3b0,37.85,245161,3119.63,11482936,468
effed7iicekf,44.96,341734,3313.26,11473482,474
ixqniqqlatp1,42.25,726719,1246.18,11556919,95
9xwkrcdkuwpx,46.32,361689,3157.44,11455285,443
aj2nf56zz6in,41.34,290077,3359.18,11455165,512
oyp0p6qhsx29,55.01,518337,1459.07,11491073,91
01bjpksauo10,31.71,128393,3362.49,11401759,505
ijogzz66amjz,43.7,323350,3251.41,11419269,503
wvlt31esjesv,39.51,266926,3035.3,11416958,470
zxnnvf58tqdp,61.8,670033,1947.31,11516498,630
bki4pbt1xq5q,56.9,558133,1982.44,11510644,183
ly8jixy8fo9y,91.82,1693420,1664.81,11740591,177
0y8j9rwoh8ak,47.88,366161,2077.14,11365466,65
xifb3je0yvam,40.98,285467,3282.79,11394826,503
0fmanswqb9m1,34.62,148484,4505.52,11356131,356
14l2isocpwse,48.84,382131,2830.7,11355386,228
spw4zxkzptm6,42.7,308684,2938.67,11400702,440
1af2jtpg1slg,27.43,100205,3333.55,11345246,502
v5k9qqb3y62w,41.38,290521,3191.72,11385338,483
tv58jtqb9kif,42.14,300153,3306.86,11365698,510
cdtmfwzqq02l,39.66,268731,3146.1,11351469,458
st148q32nv21,38.31,251726,3146.76,11349798,456
9lsbe5vdckhk,40.64,281254,3225.56,11355446,486
mjqyfcj011xv,39.3,264263,2932.63,11347703,442
jrs2nu4lza30,44.88,340621,3038.29,11347902,466
j5byux3la4ts,40.16,275176,3199.3,11369737,481
qczqi238bci9,38.69,256450,3237.57,11323556,495
10o26vieihte,11.19,27193,3235.27,11333550,449
0v12qu8xyphv,32.66,157098,3348.38,11305842,526
peor2ex2iri2,14.22,266836,1572.06,11345862,490
2r0ocytzcuux,32.7,135221,3087.71,11308655,468
de6i1nsv8y5q,41.78,295583,2887.71,11340016,406
atz9zov9bzpy,57.23,565204,1937.0,11305473,876
7t4dp2q7izh4,11.98,162574,1542.74,11322529,485
7x6xzd3w013x,33.91,167983,3351.03,11330882,514
qrp4fchf8tge,14.24,267322,1596.68,11337954,487
4hko93402lxo,31.06,123914,3350.07,11306087,490
ex9g5y8r0rgk,46.74,368799,3105.89,11318519,464
t0iuc9osjc08,12.42,273887,1563.18,11289951,471
u3phyrzlhavg,36.98,235660,3299.38,11270925,522
ao3vv4mjil3t,42.6,307223,3265.49,11290201,513
nilveood534n,34.27,206258,3259.46,11266682,492
09y05os4dfxq,9.17,113780,1536.3,11254341,470
6rg5wktcidub,29.29,111677,4662.43,11263574,789
t7t8yfwp9zdi,53.64,490972,1932.02,11260605,870
bdop5b6ng08u,12.76,271356,1575.98,11274511,492
g51iv0mswfh9,43.76,324322,3052.1,11297231,460
31wtte1d3pw5,33.16,138411,3288.37,11285722,474
rz0565wk7a3f,13.33,313308,1549.85,11269507,481
ryqkbshy9lay,41.4,290883,3013.5,11297801,455
iknl0zsem31y,12.73,305044,1558.01,11296731,467
lqqa5pcr98ka,39.21,263111,3197.57,11268429,484
b9pqm5ll47xu,38.49,253966,3171.75,11265565,495
ivxqfsuys6ol,43.04,313720,3070.55,11282932,483
8esqath9z2rw,26.31,93956,11682.1,11250504,520
mu5wuswtqvry,10.87,214874,1576.12,11239667,467
j8yeyri7pwfa,41.36,290365,3270.17,11223898,492
ofaoq6ppzcdw,40.16,275136,3059.25,11257701,465
fll6taetl68h,14.31,299401,1573.38,11260006,476
2vg3f735f0h7,38.66,213152,3063.38,11246489,474
ypj36rtvetih,41.18,288053,3215.79,11243236,514
u64wv4g62fyx,44.16,330154,3022.97,11222165,483
ahi7q3dv8g44,39.08,261432,2953.83,11239874,432
mlbfdloqg882,41.36,290263,3085.66,11229377,461
xm36ox3x1nnb,42.07,299348,3191.17,11196702,484
oqgzolc3icva,38.42,253134,3032.46,11276106,490
5bv41fc9favs,38.19,208308,3133.83,11233270,463
6kez67q4vkc9,33.74,166509,3239.92,11193525,481
ldqtr8wmx0t9,13.05,252573,1560.5,11200749,485
16yixi7ju6p3,34.19,145466,1605.97,11303751,90
tunhkww6upsi,41.55,292766,3105.25,11224662,472
4ehkc2lxvjyz,36.53,190889,3233.48,11217373,454
u7ya4gawys9l,37.73,243804,3295.75,11219935,501
668e7agcf5lx,37.22,198208,3084.05,11173898,466
bshseqlk9p6p,40.4,278145,2855.32,11169297,406
dxs8trygcpp4,36.66,232265,1365.84,11275977,80
87d4x93tbmi3,35.92,185523,2879.72,11196608,414
v5l4za3bd595,41.09,286879,3137.23,11171606,462
hsv29oykgfqq,13.48,268686,1592.6,11169342,491
z2v8u06zw2rl,39.98,272881,3062.66,11178513,451
wcz2q342r6fk,40.09,274259,4228.88,11164264,592
n9lhj4z1vnji,11.46,235604,1538.0,11172763,479
6cpv65877h8n,37.08,196822,3142.94,11163278,468
p7s34719msjd,52.01,460223,1921.36,11127738,910
kmg78oeaejkh,36.88,234559,3009.93,11163950,450
cwp621y5c8f0,14.53,309347,1606.21,11154389,469
3cdt4ksnn3ha,40.58,233135,3167.56,11168048,454
1uj0s5570gg2,35.83,184767,3164.04,11156391,466
54ihscs69vkp,35.69,183538,3035.63,11150352,447
y7yokky4pyge,45.66,352074,3213.16,11140828,488
s2vpkow5dnx4,37.97,247426,3130.29,11149251,446
wzjwtvfpg8u1,41.93,297584,3143.19,11154708,460
2q0cw96fudzh,35.06,178038,3253.31,11133935,508
55hw3fllszkr,10.39,164527,1600.3,11151576,485
15y6m89n9800,34.68,203185,958.54,11096250,97
9xvci8cq72kb,38.62,255624,3019.99,11138222,448
ex8ua1dbpdte,13.85,253637,1558.04,11134404,472
orssd5y4hbvz,53.66,491395,1920.18,11101064,846
13q7r0j55eby,9.89,19693,3304.12,11107341,495
1gmvejahb9yo,12.53,175926,1559.57,11139155,473
l6apnuh6jfao,44.37,333173,3025.79,11126093,466
yu6jaq3g5v2o,40.29,276822,3144.48,11129803,484
04gc5d9sb2np,30.54,120309,3171.63,11075757,494
4zk44gwimvez,38.77,214326,3129.67,11105821,445
51qrkjuy8owt,36.9,194072,3232.82,11170763,472
zx8swyl77g4f,39.77,270240,3019.03,11098978,480
iqk9yfowum33,35.18,216175,3016.83,11070678,461
khktjnmcbxci,41.27,289198,3129.16,11091660,452
evjckuxyg794,15.98,333482,1577.46,11129723,477
57m0vkoofzuw,37.17,197676,3068.4,11125531,448
5vxbrk8oj1sg,26.51,95090,8508.79,11095636,591
qknaup0sywll,42.1,299689,2972.97,11097456,457
0i9u1jewwdi1,9.82,128096,1558.84,11053386,481
4he32k0g8tvr,11.55,160161,1555.28,11074075,491
9zgcf8m7s41w,38.34,252081,3262.72,11058608,487
gb6v1irpmiai,35.32,217723,3198.4,11068610,480
jam5b2m8tkvs,47.62,383569,3062.48,11133820,466
7w5y8ld711du,34.39,146842,3139.41,11074642,444
r9n7r0qufwrg,41.67,294203,2824.88,11056019,408
39uqx4e2axi0,38.84,215004,3218.0,11063702,474
qov6fivnfea5,39.36,264984,3201.07,11085416,489
lw8824kukmf5,41.46,291556,3052.1,11051007,477
o3ske21yol8u,40.32,277106,3121.74,11075840,453
m4wolghpmric,40.07,274018,3010.2,11067659,494
e2qde8jlmao1,41.43,291251,2826.43,11029159,415
hhzaz97w2n8a,40.27,276582,3142.58,11047144,457
3ls448djek8u,32.02,151519,3035.92,11022672,449
s2dhwrhkq0d4,42.13,300027,3031.3,11033606,468
epha7mkc7wzs,15.68,321205,1544.36,11128548,483
9rhcnxlc9zcu,11.9,252486,1553.92,11033130,486
v4l1aq3xbbz1,12.39,289482,1538.21,11026413,478
j74xs3ylx7fh,38.46,253594,2992.31,11042518,464
dioo5ytaoenk,45.2,345371,3021.57,11073098,476
2x0xr21bsa3w,34.43,147111,3026.75,11013126,448
3f8tnearbbnq,32.76,157955,3079.8,11014338,482
oli56gjws7sv,40.1,274387,3106.57,11018537,484
0psu8p6segto,32.86,158838,2991.65,10987925,485
dtxk60htvxcv,38.14,249518,3191.04,11031743,484
0zjdkziyx91b,4.78,42379,1591.12,11022603,487
h5pyivjctzr2,38.04,248267,2827.72,11031066,395
k7h4xdohhbf7,38.31,251713,3060.7,11006784,463
415tq6r9f0y8,42.81,258996,1894.98,10994186,855
dn0c8v60q4zr,36.7,232612,2934.84,10998516,434
lt8u2aeg0tum,34.18,205266,3215.88,10980228,517
0lrpniu91w7y,18.37,54400,2966.54,11007507,432
jjrx9ryidaf6,39.72,269593,3212.79,11006939,497
iaivgc9m3191,38.01,247867,3247.97,10980360,495
5w83yfwsaihv,36.6,191522,3291.4,11007241,510
bvuii1p8b99y,13.43,217953,1594.47,10963946,479
0y8xm2qzl65j,31.53,127126,3027.9,10948496,437
w8m288c6eqwz,42.73,309190,2812.47,10996931,410
ryos2nr7dgjp,88.78,1566243,928.51,11228340,79
qxzx6r5bjk1f,52.43,468199,1912.06,10966359,843
afxmuwqfhqmx,44.85,340143,2821.55,10982820,411
hiowlsfm9hsi,10.8,225152,1596.44,10973936,483
05fk0nnmipv6,9.89,19693,2860.38,10954829,402
cr5epo3o450v,38.19,250186,3068.08,10952955,465
brn24xy6nryt,37.45,240841,3123.14,10954934,455
7xhj2jvrv8pj,30.73,121620,3053.3,10959493,456
tuxapfb5g1wr,54.79,513668,1903.1,10926353,852
gmysqcohrffz,55.48,528137,1894.69,10926367,847
tni0o0fqfjqz,41.23,288675,3075.51,10973979,463
jurd5ww2e9a1,12.91,261808,1548.73,10955246,484
ohlrn9znql3c,36.75,233220,3041.76,10939178,474
mycf98lau21c,39.13,262072,3148.48,10948794,452
tgjb1xizfwh6,53.87,495424,1916.56,10904534,833
m104fqunjy37,36.52,230750,3225.32,10916112,489
79lprtwsbakl,34.42,147094,3042.84,10913703,468
l37lu4yu1688,39.89,271675,3120.66,10924285,474
5udclkrjaxeu,32.51,133894,2845.92,10893911,421
lk9ts2jjoswk,43.28,317202,2963.34,10913680,476
m1ymxsfu4yji,35.49,219530,2981.19,10901145,466
8p2j7zmib3pt,35.02,177707,3209.24,10936407,459
t9p04oj210sx,42.31,302287,2973.09,10914479,470
ufa2s4gubx8d,42.33,302561,2894.98,10897726,441
szyourrslxf2,12.97,225290,1533.29,10874724,463
rp4nt6773rea,44.83,339966,3150.18,10889415,494
j53e5spkmypm,59.0,604422,1779.43,10889177,255
sxb0t7l4fjns,38.32,251797,2782.61,10858716,406
hrd4qfln08hd,14.82,287715,1538.03,10846861,496
ev17a8fa6lvn,14.83,288353,1529.93,10866200,490
dgc75tnrimfz,51.47,450102,1857.11,10817671,814
thfls6y5iopb,36.59,231431,2877.21,10823142,439
t46nbxzd6kk7,55.22,522674,1852.07,10813142,825
kl9fxpx12ssf,40.88,284192,2988.76,10842636,481
ufm37hpalh9v,41.98,298172,3035.85,10806406,450
m5s3kzaijudf,80.51,452700,31341.42,10806712,4240
yenl7ou5h33t,41.2,288347,3013.07,10821259,463
2hvt80cmgd10,11.0,181727,1542.36,10817105,472
8pme93p84xj8,32.23,131999,3073.12,10804450,472
awyvf6oaa84g,14.84,304324,1534.12,10804969,469
lyakmvwy9pcb,39.9,271884,2722.55,10759689,380
3i5gu1c5d13c,35.65,183160,2822.2,10801223,404
orzn6gu0frnr,49.08,407815,1890.78,10760948,804
wr4rp4vztkpk,49.59,416414,1889.11,10749916,793
r1c3nh27xub7,41.61,293511,2865.81,10781041,427
5r8nkf0oog9k,42.26,252312,1914.54,10741574,830
31zhkhftno5g,69.01,823352,1787.67,10967291,121
nkd9r4hco7ok,53.8,493968,1898.01,10747741,850
s31o23r5rc02,57.91,579574,2671.58,10863426,170
001l2yhjhn0r,36.42,189925,1856.93,10722900,59
is9btdtgojvu,54.22,501910,1897.33,10730220,854
u2nvbfpnvost,52.59,471145,1852.37,10726787,817
melxr2veovh8,11.74,220335,1527.46,10726858,475
36acvgapjvh1,33.61,165401,3065.1,10737248,454
y3ypou7zse95,52.76,474405,1901.74,10733317,835
kjfcjrktg7gb,50.03,423693,1885.31,10707351,836
6slzy8ih6g1l,44.86,283915,1920.6,10704523,819
i8kdy535btp1,52.49,469364,1798.68,10734142,809
55vlj8w9q12w,34.55,173592,2824.82,10740555,390
yftacn0826iz,37.89,246416,2768.38,10724048,402
3edu76btqkn6,41.47,242341,1911.61,10669516,809
w9uzoel4eyjv,49.08,407942,1836.92,10672241,808
s5czv1psu1in,40.92,284791,2793.73,10689694,398
xp8820pkytw2,51.37,448240,1897.37,10684754,859
meysijgd5b8k,39.78,270318,2758.54,10677138,409
mgngza61dv6w,42.97,312649,2984.44,10734350,455
vwudtersemf1,53.45,487479,1894.68,10647384,848
iladjsdw6e7b,49.51,414959,1895.63,10630404,841
keaj77azm0rs,17.47,398681,1288.8,10629740,884
peexbve2vxq0,66.1,781724,1543.9,10788246,114
c6gxkl4x98bj,54.43,505950,1841.39,10576898,814
2q87z3qe3tu4,11.42,141404,1562.23,10566334,464
lvssi3jt4r7h,15.33,363629,1473.8,10567419,940
trzvq6ubkzdv,15.31,103923,9079.91,10539407,423
775dwe82vsdy,34.05,144530,2781.26,10556968,416
bvl99oz7otl2,52.89,476858,1839.09,10522874,820
sxrypbllkvye,40.86,283977,2928.23,10533724,441
8dhmrf4sh1ja,34.28,146132,3845.14,10564117,811
y5cmnyff5cub,49.74,418948,1870.78,10481959,807
estvk3c6h6el,55.44,527444,1826.06,10467356,800
09k4xp7g6dia,58.53,563538,1546.38,10444665,77
01u0du88agfe,10.03,23970,1865.77,10469868,805
vg9znblw67tb,54.61,509335,1825.66,10449422,785
18pax71jhhu2,43.55,267974,1896.51,10442278,807
3xtlaatkjgzw,43.22,264022,1815.36,10445081,806
i1f49l2xmqib,49.69,418103,1833.24,10461077,810
jl7ffrd2c5cp,58.22,586100,1781.18,10441373,801
9b4wgpisom8e,73.22,993209,1167.04,10514320,274
03ylpxjgwl3z,14.64,222652,1533.37,10397135,928
zk3e91cnxbv9,52.19,463595,1881.47,10430512,846
j2tmfco8ez19,52.85,476052,2047.9,10581105,179
9wk3f4eyslpn,15.43,419564,1370.55,10443299,885
082f75lshjgl,38.22,208596,1926.04,10600124,154
oiatfpdcm4cd,56.98,559884,1816.62,10399887,817
5zv8c3mp5wuw,41.13,238793,1854.17,10396474,810
w83s2vj57g80,53.52,488744,1820.88,10375949,799
0auantyv7fp1,42.63,256734,1850.68,10365022,815
o7he1op4ph8x,54.23,502190,1776.87,10380032,810
isf36ccwle2m,17.37,394146,1291.8,10406658,896
jddmxghw8lfz,18.1,454921,1412.85,10376628,914
d5d6x4y1mg3y,36.78,589304,1177.64,10475239,97
z8d7h1k3fw3j,44.55,335787,2892.08,10360584,886
0flmgsk2y0xv,33.52,198130,1721.77,10317781,100
vaf2zndr7g8a,54.02,498245,1818.31,10363195,802
idl7tqmi7upv,53.91,496012,1767.74,10332410,796
mpqp33m1pl5y,54.03,498317,1824.05,10274822,813
ed9h9bf32i55,23.39,277217,3124.67,10256699,336
jhmfsqz0p08o,16.68,432174,1332.68,10251631,868
8mvme7mdo7y0,39.36,220400,2758.21,10252603,860
c129wul505tm,39.31,264391,2744.64,10242457,394
2ub0awkmf5rz,34.32,171568,2763.97,10273165,370
0i05b4w96b0f,12.07,173144,1240.49,10190922,897
0cpjccmyi3fe,9.75,9844,1795.5,10197584,789
0p1nspa8sg20,32.28,153781,2723.94,10185036,856
yds2hi5avy9p,54.99,517807,1767.7,10190406,793
kx43mx6jghj2,28.37,148694,1794.77,10224410,100
5h9ho6dofk7x,111.35,2511309,500.36,10386652,54
915y4m3vikny,51.14,443762,2673.59,10167995,908
45idm0o7f2wo,57.48,541432,1039.41,10379343,85
r3uk50ceyzxd,51.39,448502,1876.62,10346384,244
9zh94n91tb3a,17.19,432530,1265.41,10170715,893
qlikgi6vnu54,53.94,496631,1756.31,10142520,763
3dx4qkanb1lf,13.5,190515,1285.26,10136339,893
ko6sx69wfnjg,16.41,350889,1304.9,10146566,868
w5pmmyr2o75y,14.29,358589,1322.05,10140747,869
61u7f0408hl6,39.85,225536,1834.46,10114344,790
ogxsfok7qncs,47.72,385221,2923.97,10108895,894
074ji4gfc0tz,21.37,67770,3523.86,10093059,424
noi4xnc1ev8m,17.6,72626,19015.41,10108148,1373
5vwcwfzx32rs,42.64,256838,1837.82,10091247,783
wm9lypn8pul2,44.72,338304,2903.9,10110873,910
p9qyqnlcnb2n,13.38,315329,1192.82,10103270,845
0fc561m1vku5,41.59,243632,1489.01,10066538,154
7ovcv5xc7aq2,57.71,546324,1296.75,10089859,123
hpjfd667j18p,52.73,473792,1748.98,10081553,762
80alxcoo212g,25.85,176990,4577.53,10057103,194
lnmx3q6sbeq0,59.33,612168,1615.76,10078205,190
29sz4pkoyf5s,15.93,276603,1251.36,10068885,849
iwhw9n5ort8o,47.13,375323,2697.44,10045632,858
rsz014m4iqen,47.82,386898,2879.29,10085158,910
fkgifvo1ccys,59.4,613859,1409.31,10059742,205
106s8bw5sqem,29.24,110326,1535.18,10023077,84
vzx3u5q4ir0h,50.92,439638,1792.55,10033766,802
4eq5k276ksdh,25.63,90173,4411.03,10037938,619
66dh30kda7qq,15.64,239206,1447.19,10034165,861
12csq5uxbgja,16.63,168322,1835.01,10011134,898
t62ggrhon0yh,15.23,359057,1384.24,10054042,872
sjj62tmxbrfq,52.99,478822,1639.2,10023747,543
myd11pvh0651,15.0,423168,1461.52,10023296,873
2nbsgu00x2u3,21.4,155067,2953.95,10022492,529
47trx11rzc48,12.34,199981,1421.96,9986319,897
muf6gxxekcwd,13.2,327822,1421.17,9974605,903
b5mvqps8kuwh,17.8,414161,1249.48,9976241,855
37pa14uxlqk4,43.18,263498,2865.09,9975804,889
8d9zrcsnu5i5,45.81,295617,1386.17,10063210,100
dxo9kjabgqv2,50.03,423672,2880.63,9952636,875
euqyfjpcvnje,15.85,366944,1279.89,9947088,890
em5ny8als0tk,50.4,429850,2691.93,9927785,870
djjufjpzaup2,21.09,354875,1752.33,9937757,897
ebg0x9caiq4n,40.64,281262,2866.52,9949199,896
2dmrtkajihd6,52.72,448517,1475.08,10004537,128
xn800o9jpbzg,50.28,427852,2646.06,9941889,837
nfxiswh59f5r,13.8,295941,1463.69,9911849,942
lrfwwc3zf2bu,15.6,402128,1274.07,9917645,878
6i0e7hiau4xz,12.39,201590,1412.74,9920773,852
rwqsxehu1n1p,13.45,340097,1322.66,9932104,897
d5majyiwh86e,13.77,333725,1262.75,9906310,854
pf1aes9v9ru8,13.57,345859,1284.05,9885447,866
nf89hzit90h8,60.75,645375,1343.08,9892672,261
a3km5ogoweae,45.41,348352,2895.8,9897379,876
d64bcjyc9yok,48.32,395103,2625.95,9895678,839
07i97cu9vqih,10.48,158038,1275.72,9861157,884
01h7igcl1j6c,4.65,33556,1460.02,9896050,873
6rf8zxomrpd6,32.25,153520,2716.42,9884798,840
6drzohodho14,52.67,523772,741.77,10085162,75
xlepvv746zjs,24.27,341635,1735.42,9873387,856
g0prd5lag6dc,17.55,402315,1197.73,9855377,842
zmkloc3x93th,14.29,358437,1414.98,9846939,926
vyb1pbrsm43r,19.22,459252,1351.18,9854499,896
e7eddvp14u4e,15.6,335997,1357.31,9835382,912
vybomptovqwk,13.52,322120,1295.44,9823210,871
1ausv1mmksv5,11.44,194000,1362.43,9793732,854
11nc8yzm6kyy,39.28,219648,2697.91,9788127,838
13h97xsku0im,33.56,164976,1947.74,9776936,101
kfgg52q6dzhg,14.47,306584,1342.44,9798950,881
08uellyp1g6b,14.97,231763,1336.89,9764464,847
b3qtl77iuhxy,56.36,546837,1419.43,9815145,146
2us8ahgp3w1v,35.83,184800,2683.9,9767386,853
2al19zcuzzhw,19.05,215527,1808.88,9778489,910
21kudnb8fxz6,12.92,185338,1298.05,9775466,866
0twph3ft8c8g,12.72,212101,1390.14,9737658,876
0a15to6w01t0,27.39,99965,2466.54,9732177,142
ia4kvu18j1g4,12.55,296461,1326.51,9753440,880
uncqmek75dji,49.4,413225,2623.6,9762053,823
kwkygk1hktrf,24.84,370844,1786.77,9736423,909
otmaxyg877t9,15.3,342345,1273.91,9736673,866
l5bwcsfx1kpo,14.27,357657,1425.83,9734009,874
7ry8iu5dn5pe,39.12,217994,2703.95,9713713,841
vt6icjgbdk1s,13.39,316168,1304.15,9718709,849
0hej1u45bx8e,40.32,230391,2866.39,9690837,901
19dv1u0e7674,12.18,206832,1195.47,9685348,835
x2qekng4189f,84.12,1380445,1194.5,9948884,107
0r9vpkqy84vv,14.03,120008,3995.66,9794303,387
2rzbb0b00jh8,25.16,141096,2576.87,9671735,289
9u8m70562pjy,15.6,428624,1173.99,9692094,858
15swsbgzrsko,28.34,105284,3418.39,9655205,122
0c9c4al7c9bk,33.96,168476,2825.57,9626820,865
85q20gmsow7n,11.75,156930,1341.33,9649774,846
s5c1gqdupbwh,14.26,316138,1201.22,9646220,837
sw5xdt5igtzz,57.41,720879,1473.69,9832274,165
xofodv6ye50c,17.1,404297,1383.02,9619891,886
qg8obnjdywph,21.3,378594,1769.72,9612161,861
0s60yv6p3via,12.66,179050,1478.49,9581411,873
u7r6otdkfymt,14.49,368621,1245.21,9596466,866
7u3739e65yiy,14.78,238052,1392.17,9595192,894
poj8yhiopv6x,13.65,290236,1217.14,9575511,803
43vv9yu1fpp5,12.77,239619,1397.08,9562122,875
sus27ap0l7u4,49.56,415920,1786.31,9528542,321
79vom9n8n3f3,34.7,174904,2892.46,9555117,858
jhdsgg3apir9,50.47,430954,1544.91,9690028,168
b43gcmek9wcb,13.22,307925,1410.54,9529662,860
7vzd58st7ugf,31.01,123558,6084.1,9517007,779
fmco2chry4gd,43.99,327628,2433.82,9484658,684
1a55ghum2lj3,32.99,159975,2670.19,9476892,828
m9i31pq20kuk,17.89,418089,1389.34,9515754,906
mm2hun925sup,44.42,333836,2574.79,9497948,843
ggyy901v1cry,46.53,364681,3084.51,9488551,348
07y8n7m4xtyn,34.62,148446,2924.53,9461517,834
0d471wmlv3j9,60.3,602281,996.25,9445592,106
6g1r0yjndzkf,13.19,203107,1394.15,9439697,874
19rbn5gst73l,11.22,168814,1251.84,9429829,834
v4ncb4i9eavi,15.6,402339,1299.79,9429928,885
s1b1rw6p0ajn,15.9,392807,1217.6,9412560,849
jjer2de5eild,48.51,398352,2534.43,9416501,392
tk622m7qga2b,23.47,372268,1718.62,9338123,841
0k2ko07xbp57,14.6,221374,1243.58,9315886,795
i5wh5fwzjigp,136.75,3791347,518.42,9560339,70
2mxj2imbjhrj,29.45,112749,2617.43,9339054,365
6fqth4lvt80x,33.34,139598,2836.95,9336254,856
3oi5lnzjbt6c,50.2,404595,1372.99,9307571,141
8o3ynjs6ms1u,13.16,213518,1354.78,9332343,828
q4wk6mla1v2d,68.36,845375,1086.37,9287691,87
0h7dfnulzmhb,12.0,30359,2447.38,9246164,243
fbhwnpzlaz8h,43.53,320863,2123.8,9273416,306
f2s3xba1q8sd,44.19,621265,1069.41,9451762,83
uh2lpn9uexs0,11.34,40790,2393.08,9227955,590
lqkfc4b552sc,47.51,381591,2775.81,9234986,843
3c8qfcronk13,42.85,477021,1417.6,9215026,136
dwy75ew7hgqp,46.01,659449,1650.92,9550705,55
0opnaw7kyku8,9.71,9281,2136.94,9188911,311
t9nt4hxyq7nd,62.14,677970,1145.63,9266012,95
u82umq36juq9,50.69,434745,2570.82,9160040,786
5b584ur5hyi1,44.33,398139,848.54,9254422,77
nhoko8iahnpt,40.76,282709,2124.71,9194071,315
z0h4oej298ea,50.4,429812,2026.61,9123180,722
k4wxvrvi5ysj,30.14,165774,2702.45,9121165,433
jz4gpv6s9nl0,42.33,302616,2755.86,9140772,839
nopqo13owtfx,36.66,232251,2117.89,9075530,311
isfqm3kf50f6,58.44,590583,1670.68,9234932,166
lqxuekvz9uis,44.72,338287,2133.88,9031188,299
fodz9o9xug6l,47.3,378173,1817.52,8994060,733
ad5lv07w1jzq,45.9,355570,2106.62,8995320,313
i0gwhmlyscpd,44.63,336969,1825.64,8934569,229
heqqjs92ww45,48.65,400676,1948.15,8886126,720
8d5hobxxxpke,42.32,253021,1942.94,8838458,690
um3a61pphu20,46.63,366947,1584.36,8814107,206
5jmenztup7bg,38.78,214401,2123.18,8823697,300
136xq7v4yad9,29.26,111448,1324.24,8662049,115
7wrdhdwmb3c6,45.07,286549,1429.2,8686512,662
hlkcyvu762im,48.28,394493,1669.64,8775544,159
17e8dv5wj5bs,35.15,178883,1941.82,8636580,700
5e2xzrdd80kv,35.01,177620,2365.72,8648232,377
0kj599csaq4u,11.96,29317,1943.42,8640458,707
nz4pw0h8vnau,52.85,476161,1399.15,8611619,626
26y58li5zp81,41.99,248932,1430.41,8619416,634
ccnfi2llo33c,45.14,344480,1956.55,8604346,717
1k6ys61r76wo,36.29,188755,2029.9,8567330,141
nsh6yjje86xq,81.42,1277547,925.16,8736301,75
gigqcow5e8sn,14.9,325210,3987.9,8507311,302
hmx6zttzi2qz,52.91,477324,1904.22,8545726,680
0yx9clavpdu1,33.61,165384,2014.21,8503756,701
hnpobnflulm0,48.13,392050,1897.85,8518987,724
0c0xdev0xbxg,40.28,229982,1546.15,8487085,47
6c54dcmg6hjz,28.34,105312,3472.42,8516631,337
3gcs7jia40qd,42.92,260318,1429.76,8494519,649
cnq9btjk543i,52.23,464415,1613.35,8469976,146
lg538juti02p,51.47,450129,1225.44,8445515,115
g3x7sab0u3hf,47.32,378430,1892.88,8464208,685
yqvqjvfrdqcx,42.16,300439,1967.04,8455723,686
06xl9vkz21bk,36.43,189959,1734.8,8399114,104
ay49uh9oxd8h,49.61,416648,1898.89,8422651,690
bo070vvzadk4,50.68,434599,1393.92,8386036,620
899hm495amtf,22.5,72812,5686.81,8423509,390
d8gnl4g0i1g9,44.1,329176,1892.57,8362098,668
sn9q4mhry3mv,58.31,587967,1383.51,8333635,617
c595qyxlvl5y,125.21,3246263,452.06,8572264,41
znvcrzddn9dz,20.89,212251,8350.88,8337939,895
jjznkplfjlx9,51.49,450524,1379.17,8316708,619
s5nl97ci0bdg,23.55,111544,9393.63,8313342,654
3t5smhb5e0ex,45.08,325105,1396.71,8330123,614
189rteswlmns,9.99,14011,1415.3,8302274,643
lljpo7pbdzo2,52.47,468887,1383.43,8298447,615
3c2h3z6nhbo0,69.12,826490,766.24,8399017,62
dthgzl2cw5e5,25.62,127468,1787.19,8278410,326
hinivh9si8c5,58.09,583366,1162.76,8442199,117
8iceto1yhhyw,17.22,185076,2091.36,8218083,393
9o55sgat46sx,50.5,431512,1375.67,8206282,619
eomvun9tt9eq,61.7,667523,1362.99,8226817,627
ncfbpa4b7dzd,53.03,479511,1364.53,8193850,631
4e8epfx16uaz,37.45,200665,1794.3,8188695,676
4hxv2cbukp62,37.57,201875,1791.98,8209073,683
9g8jhj4f6ana,54.02,498256,1360.75,8188250,622
rqcokd55o77y,49.03,407091,1754.18,8203076,660
15jsoj3ert18,33.26,162345,1902.81,8147294,679
xgr8f3ypraq8,40.95,285105,1741.57,8169078,214
vpja8kao5dk0,42.66,308127,1839.13,8155051,666
5vcko3toav4i,37.41,200170,1794.55,8168134,663
u63odlckfy5f,45.45,453458,1337.98,8118023,598
2tp94st8vreq,43.07,262169,1380.5,8077987,594
otjkaodmaujh,50.58,432882,1362.26,8102252,606
ivuzxf8e82m2,51.76,455546,1354.3,8093398,603
m4cwx24ya7kn,52.01,460259,1361.93,8115354,612
0lvjw8fwqgqh,33.27,162468,1801.15,8061676,663
dpr91iil1b37,53.01,479172,1764.66,8097686,650
0nym2sarfr85,33.85,167534,1345.97,8033830,44
sq0x4snh5o7h,38.88,258918,1748.95,8080408,672
w2kppqs3qqg1,59.68,620350,1221.12,8084249,162
g5scuygg89dn,71.72,945954,1037.03,8137761,117
hmojyffvtvtu,37.42,240466,2595.07,8005424,220
9sj9ceht2kwv,40.85,420184,1334.82,8024402,615
cut2r5gcekmw,55.34,798066,916.01,8034512,93
v1vorfvy0oz9,69.76,886289,1140.98,8157119,110
wdrt9vktp0f3,47.09,374694,1744.65,7996211,643
q4l8mcquqbnz,43.35,318247,1749.97,8032277,651
xhq4qpvy5irq,60.6,641862,1016.56,8018464,123
oeyj7svowsso,44.57,336088,1745.11,7932083,274
knp30f3zp9s0,51.59,452358,1343.92,7888184,600
ffr13rigqchy,86.64,1479312,720.77,7971992,67
i6yvgn1mtt3l,33.81,201227,1420.22,7843313,142
13pdxpkbxx9e,32.17,152809,1785.9,7820282,144
gw5ecqwt1osm,42.97,312768,1720.8,7856569,632
oobuvp31k2jz,62.14,677815,1189.02,7927857,114
s3pbhq6wqv3d,13.17,121565,2602.52,7831589,231
ptltgimoolqg,41.81,296068,1723.4,7835901,256
uagwfggee3pk,46.39,362686,1502.15,7796212,243
ok7tcofhv3aq,43.28,317232,1708.42,7694756,190
0hdjy3yfc482,23.29,76299,4688.85,7654745,591
ttztn4ajvn40,38.94,259673,1717.21,7701002,251
r6fxrzgg2qgh,49.82,420199,1615.12,7740059,144
no6nyjg70vzd,46.97,712689,959.84,7785983,129
wj4f8m4jvw6y,46.69,367879,1703.86,7645116,607
ld5auvbqq4hw,59.67,620087,1057.13,7606210,107
zn4pkjxd9max,39.78,270346,1703.36,7610459,253
j1qfwqrad6xh,44.49,334957,1691.18,7597167,604
o2vfk0setcod,65.42,763066,1591.59,7763449,71
0dih3zx4v0qd,33.1,160954,1958.79,7575011,95
ahqpe3uut5k3,35.24,216780,1709.5,7572836,261
jqqmxcvp8u5l,59.91,625630,1030.43,7669348,73
0bvkr2968grz,11.9,30028,1742.87,7547427,616
19hugd5px47j,39.5,221853,1729.45,7499488,258
ig0vz7jw794y,43.74,323905,1923.57,7502336,2058
o0404op3uz0a,39.73,269671,1681.87,7490315,244
iwmxkrwi3xjn,61.08,653241,1186.53,7485066,238
0cbuquah8m4h,35.05,177952,1701.16,7466613,591
pcr6mrg52des,49.61,416678,1653.91,7438126,582
vg7tzsmxsysg,66.86,803204,1042.13,7434441,106
dhr8z0622iy9,48.47,901198,973.52,7428166,135
6nzc9o04xmez,37.61,371855,594.81,7460862,64
irzhylc1blpg,26.85,136978,1504.82,7373632,464
19pvx8sy3dqq,36.99,195798,1718.7,7329954,589
768mprenxoui,44.91,284604,1201.98,7286086,547
0totxljfi3xa,33.88,167798,1689.97,7287152,605
q40yddpamroo,58.49,592368,1300.71,7332847,193
fz0lvebz3z6e,40.77,282904,1633.29,7298379,229
1jg6aittxo8t,32.59,156531,1653.94,7274732,234
gbhgebhdljb8,18.09,75175,19010.71,7225158,3229
hptxfofj46sq,28.77,153164,3708.23,7234487,282
4eg2hr8lr0sx,36.1,187094,2997.4,7233514,629
jdxx8p72tloh,29.52,160079,1717.1,7244809,369
j2c9vjcoxor3,59.8,623268,1172.6,7209050,541
v3cehublh3w6,56.73,554536,1037.47,7217586,99
0ku7fx3bji64,44.08,310553,947.96,7188508,81
lpmoxqu9p789,53.64,491036,1204.53,7179790,549
hn4v1un7z1b5,54.88,515478,1309.99,7283902,62
vk2ma5bg2fw8,51.14,443804,1197.66,7193266,553
qyyaxv2fxieq,39.48,266545,1630.75,7195519,231
be6zlrfqqfm0,61.33,658864,1033.94,7141266,93
3cl91cjzrtfh,34.36,171985,1650.68,7182254,233
uq477xqezgo9,11.77,263292,936.68,7134361,370
4rphmyl64hmu,39.04,217137,1199.32,7107426,541
erkhsicdefxe,58.84,600638,1193.42,7100591,569
5mig8hyp6ju4,39.49,221768,1224.99,7132569,531
i5w8m87xdeip,35.23,216663,1627.65,7116343,226
yejlca3egtha,50.08,424568,1167.68,7101537,533
07s1q2l5ri0v,10.25,24584,1238.56,7074764,538
zi6uu8bcm1jc,56.23,544125,1026.33,7069291,96
vpqmpk8yt38s,162.16,4933283,317.49,7520595,35
0ybxaupg0k9v,33.87,167706,1639.03,7030356,233
4fdp5swox7h9,42.55,255837,1399.15,7161586,84
lgxfv5s5q1yb,53.38,486117,1158.97,7047498,542
ns5na6113145,51.52,451087,1331.9,7105222,169
im0us9jdld16,41.13,287471,1284.53,7062045,271
19ep3pr2itky,30.11,117336,1711.54,6934034,189
70hpiqhp0q4v,7.91,56436,2955.68,6986692,595
gv4h5tw2ho2z,57.58,572484,1173.78,6965925,529
56rkz83rvhgv,43.05,261938,1160.34,6931634,544
15f75tto1rm4,44.36,277936,1165.08,6906294,542
14s6n5x3ir6m,38.93,215968,1305.33,6895857,41
ttr5kimwvcfh,52.23,464461,1153.9,6894091,536
tv5v10celtyb,44.99,342308,1580.52,6966159,111
lab3r5vfn00e,56.24,544352,1170.98,6878962,500
08hmrovvudya,39.07,217474,1073.69,7090777,106
viddlai3fb3b,52.37,467051,1151.95,6882125,525
uakn0hagyka8,51.71,454561,1128.22,6845603,538
wdzzjkw7eif6,18.44,77037,1926.52,6914515,127
7ch9i41miqrz,26.85,96951,3313.67,6878281,445
hxxryrc0osf6,40.13,425809,564.44,6946309,60
uhw6dzjguswr,50.63,433617,1145.39,6849910,507
7v34czt88i9p,39.33,220113,1205.94,6821581,538
xkirc09oo84v,44.94,341561,1638.08,7007016,197
0oq7fole7lp6,42.41,254070,1173.33,6794357,526
n0qd6ga1j24c,33.93,409396,911.95,6928119,58
0p8s3yuegqwg,26.4,94446,1783.25,6794416,68
vxcy2thj02k5,51.08,442769,1169.67,6784138,508
088f68rrogzi,43.73,305456,936.13,6773576,68
ujebk0nrdmk1,51.09,442878,1173.37,6769280,306
0kj2l64nuwnx,16.57,202870,832.81,6746469,123
105ll0bnnngv,37.31,331064,792.17,6730851,105
5f416eef3ejz,33.02,137392,2155.84,6777581,217
8c5s6ywkuy90,39.14,218118,1160.66,6718768,502
il87lf6x3ikv,7.09,79321,2683.58,6744635,294
kasrav5xlpui,108.59,2453611,465.05,7024127,52
y6bnzahnogqd,57.71,575261,1117.53,6708428,534
0p7e3ajsz2hy,25.78,91006,2518.03,6676499,243
61ucrqq6kmh2,42.42,254181,1135.63,6677725,521
075q5gbqwsqa,10.06,24053,1169.72,6675020,505
qm7pkbe3qxsl,37.4,240283,1470.06,6644855,209
focwas70hy2f,42.24,301475,1463.72,6674489,201
zbeup8ykz8y6,52.87,476526,1105.97,6644690,519
rynbdcrwg7h4,35.63,221023,1486.01,6640426,204
6guafe20bddz,44.64,281254,1189.86,6629456,513
sabnaedxub1f,44.72,338363,1405.81,6664117,165
0brldl15lqdu,31.18,124742,1595.91,6612865,186
1k0yizchkw25,43.34,265489,1138.85,6601337,522
ocnuhrvpkowm,36.65,232105,1459.78,6582640,214
z14ndfgn3mva,68.65,853422,843.44,6788956,55
bfkpugu9xwx5,53.24,483492,1148.43,6577076,511
19umvef9iv36,49.14,387136,1361.93,6554798,101
fbk7wkcbfdjd,27.96,145602,3545.66,6594211,329
0cjg1z3ch4i5,9.52,10719,3683.5,6555397,289
e0618mlf6hn8,105.28,2297907,450.83,6731895,48
dy1hjulr011u,49.38,412894,1105.83,6542036,501
0jxxfk2igkuq,31.14,124467,1258.61,6577446,61
6xf1sy4lgh4c,35.07,178151,1728.07,6484790,183
0hj67bdxburi,26.88,97162,1467.83,6457295,209
owpsr0xvrrkv,53.01,834325,859.7,6464633,80
haap92sm187w,37.23,238447,1441.3,6444810,204
c4yi33a97xih,43.31,317734,1465.72,6523466,200
gjdvl0jax81f,78.91,1185714,667.06,6534606,66
171mg59p04ub,28.73,107470,1610.27,6400599,156
kn03t6opjte7,49.44,413891,1085.89,6409708,477
qkj3rl8l9dx2,43.35,318244,1484.45,6422562,172
d9e6fqoptzlx,21.71,98800,3405.58,6354192,332
5nd2vcmrt7pw,9.7,5237,2200.4,6327424,326
x4ac4l6kulsi,61.28,657787,990.99,6366145,100
k6texe875esx,38.8,257911,1435.02,6362829,194
l63ae3cvaskd,43.08,314374,1423.32,6387529,208
ny2j13i760n0,39.64,268539,1383.94,6320941,197
62gzekwuht7k,31.09,124110,1845.05,6337771,263
dcu4drsqob46,74.83,1046042,1078.34,6343867,255
lzfjxh4x4f75,35.61,467091,1071.71,6343561,70
hk0pjftcwi18,48.31,395054,1829.53,6314804,177
bava4pm96d74,103.85,3542927,380.48,6486801,34
k9mayn1llpp5,72.57,971837,891.55,6540901,65
sa17pyyqc70r,38.68,256328,1361.14,6242070,202
0d29mgcrj5bd,12.17,29902,1466.82,6263266,200
gi0jju1agu6r,60.75,645290,960.7,6420185,96
2uwztofr5oo1,25.0,86676,1799.39,6201603,238
pvroyxbroruv,37.91,246558,1383.15,6182764,509
8v9pbdgwq6mu,39.52,361623,1053.14,6142849,102
e9n93x38uvy0,24.05,115390,3153.16,6122690,476
2kuktarvas8i,31.26,125270,1604.99,6151759,221
drjbafp43x5m,59.24,609980,917.68,6121646,93
18ld3qdi0ngm,44.15,275373,918.75,6083666,31
l6mg0ocxovq9,50.57,667001,822.77,6132786,84
dj4kxjbgs4f4,43.28,317249,1351.29,6110677,183
lugluls9rztk,71.21,930389,811.23,6196211,61
zhcmzdoqjwic,56.8,556020,861.34,6106327,76
tbf6o8gsexk9,66.45,791776,861.54,6229071,79
yevtbycrgpi1,59.48,615597,857.0,6003522,77
6sv3j8isihaw,14.94,40690,3947.94,6018255,701
0a0rf29xmyg5,28.63,106912,915.53,6044709,76
0x83kew2383n,41.74,295120,997.64,5933618,62
34zoi5iogo3q,41.8,245780,883.93,5934030,87
8452bnet2a1a,76.13,1040767,490.77,6072591,41
t0y1ryq4bya7,64.08,728613,852.18,5938880,75
ljdd40kihd6t,38.13,249452,1318.52,5867548,184
977a2xk80859,62.13,678249,837.41,5863883,78
0zh8twicfa5z,39.3,257811,786.2,5788488,53
kg6xlsy16bbn,53.07,480282,1373.05,5775840,182
rw52ww5jsqs0,60.5,639444,838.97,5762182,73
munfm2p08227,6.17,79563,3256.46,5771519,397
vhkvmobummv3,35.04,214622,1334.47,5729485,128
mk3q7wa5z6df,37.32,239393,1205.98,5703108,169
3tnoqwf3f9as,43.89,307838,1112.17,5735328,159
j7qu4avo2lv2,63.08,702804,841.96,5752891,83
gqxb2ar5awpe,9.96,23756,3225.31,5659895,356
aoelznqhgsq4,41.93,297513,1205.01,5728521,173
jakfpgkf0lo9,73.69,1261348,575.35,5764201,43
fg30nu9oapd8,36.15,226636,1201.78,5637491,155
ggoxt2dyttpc,67.32,816264,800.01,5623018,67
yps6mk6mtwp0,63.78,720653,832.79,5703728,69
j86ezmxejdiz,153.77,4566464,246.87,6314940,38
z4l6rkrhzlia,55.69,532677,1214.31,5574541,516
g5tp6o2195xl,60.89,648790,958.45,5699526,51
6ca4zqat7ypd,23.25,76138,1581.89,5606606,203
269gi2yhdnqm,30.1,117252,985.81,5580416,95
pvsuxkx5kryf,42.42,304680,1190.46,5592159,158
qz15plp6fo62,32.64,188782,1879.64,5544434,497
39h8fso8mf3g,23.25,76138,1844.57,5568827,231
akothvb1kd47,79.01,1189042,606.78,5592218,44
0i0vji1um8l7,19.32,58644,1870.45,5509161,104
w6tqwp2oeug3,45.1,343795,1193.96,5467188,162
tdglurs4fgtl,41.39,290703,1183.99,5488443,166
xo6jbe6xmwxx,35.8,222875,1178.29,5476825,176
09nrs6r0djq6,29.09,109495,1684.76,5424948,172
h62hodtn8tff,43.55,321150,1189.64,5495828,166
cwwn979htbwb,40.04,273646,1183.88,5435637,163
81einzuy1h2a,40.89,369981,805.76,5539142,43
fib9lw3jo3ll,29.94,163906,1208.02,5352418,173
glrwh3nbh5bj,62.26,681624,883.97,5416971,176
10ym2mlu64lt,9.63,11458,1886.37,5340625,299
b3peko1xmj6i,32.57,188138,1706.88,5351754,206
lyaqp1c68mzv,40.51,279587,1191.3,5367469,152
a68612w7pycg,41.06,286510,1183.96,5331696,160
172od9yhrwgp,30.28,136653,730.37,5285495,60
ru0emzjgi5z7,42.22,301219,1175.02,5327965,165
10tuma1v2kzh,48.76,380723,320.01,5257583,28
8ldy7hhllqfi,32.86,158855,1195.45,5274216,159
0fj776dznpxk,31.64,222421,709.59,5235673,49
148dl6ejcb2s,53.17,456838,851.57,5219560,28
dcm62r9v3i0q,39.73,269731,1181.82,5228436,159
0jpqh8hvhayh,13.47,35547,1658.74,5197024,168
uo2p3xw5wss6,58.48,592185,765.12,5209950,68
j2j5wpqres82,26.34,133041,1249.36,5146417,137
04z9enzlqtbl,41.43,241919,1323.02,5144963,118
ic5q92zdl4rs,41.92,297394,1447.76,5229637,188
kqv06txqlzfm,26.11,131268,1153.27,5178767,191
0o0ymc9yecdh,29.63,114022,836.96,5245966,40
nzgppywtlwgl,42.37,303944,1076.84,5176473,68
5a5nr2cr7nar,21.51,68398,1687.01,5115522,521
vr5a8csnuxvn,55.53,529237,881.17,5078040,98
14zoycrgjq4g,44.39,278299,777.83,5040574,74
pquuz5xafrxe,59.78,622595,742.41,5032109,69
65owvn67vn41,37.04,196333,1135.62,5026176,156
c14kdzh0vlqc,75.67,1073292,647.36,5472781,48
pa7hu20qr076,17.32,71136,1577.72,4974814,194
tp0ejcgt7sow,43.82,325133,1184.14,5000250,86
0s7npixuidgo,23.28,76274,1414.72,4935113,148
kmruclbjyrtp,43.45,319734,1049.35,4958861,101
zdtb1pxoru5l,15.4,26936,34878.33,4942806,3073
bm754xbsnyc3,42.9,311712,1765.19,4945875,295
avtj6yunaq6s,38.81,258024,1074.31,4884597,144
z63hiedvdgur,39.84,271121,1061.18,4821428,140
4lkuab0mhc5b,33.99,168758,1097.37,4851197,146
pzhfoasr04sd,33.05,192514,1253.77,4867955,181
jog80rochyzz,6.36,21133,17363.26,4782500,1061
rlr83362wy06,34.99,214052,1060.59,4792070,148
wkekrjhd7sxf,40.35,277510,1064.66,4772995,148
h0gphx89bino,62.04,675657,712.19,4761397,60
s4r1dtb40ltx,31.55,178742,1210.13,4793181,126
0y0gvrni3vou,40.25,229683,942.48,4744677,87
istd4zdu97rc,41.61,293537,1058.44,4782656,149
tteabe5im5ox,51.76,455540,693.38,4741954,49
ni3jf6wz9gcw,62.79,695225,716.05,4905551,60
kbju5m72d5wb,36.36,229011,1046.19,4678734,143
eojhii4uswuc,63.8,721361,699.36,4900198,64
uokcjf2bghnw,42.59,307113,989.41,4676952,157
0guk9vajt1sn,39.46,221517,1019.59,4633177,73
jjcapwwuhhi3,36.26,227840,1149.82,4641113,202
snm78bdj498h,69.24,870000,687.65,4851444,61
7l9i311uahph,46.95,352045,761.32,4821702,64
nxy9am8dkso0,52.12,594066,436.81,4614859,74
jz90idel3uj0,79.14,1193658,431.82,4577642,40
ttg5wd2iluq7,47.31,378391,1026.44,4554294,308
08byrki6whnn,64.76,709491,558.1,4534828,39
0lfhpuft530r,9.52,4410,4367.98,4553469,290
ec70jgre5cqg,65.5,765027,685.33,4775372,57
704eoffrydx6,23.67,79222,1863.33,4558364,188
b0w6074r2nn7,61.68,667069,666.46,4672962,54
svtslyxn8rja,45.97,356513,931.08,4530647,108
kaoy09rqlzdl,75.47,1066625,591.4,4705604,54
9h4nvrv5aimy,58.8,599800,673.97,4536003,58
w4lelrfa26sc,69.19,868603,626.58,4569851,59
5ntzz9bsoa7j,44.88,322219,699.41,4508765,57
5219ibd7gyze,46.02,298090,745.38,4554597,59
r3e7qdhcjmbg,52.49,603864,714.35,4634509,69
o8rsq0uj4ib1,60.26,633885,681.64,4719291,58
p9bntr34b4qs,49.47,414331,883.48,4417859,308
0a8fydmqnmeb,9.51,15573,572.63,4410720,61
9lzt8goiis0o,48.73,631607,456.15,4403212,60
545vv0yba9dp,23.72,79504,1290.97,4344570,195
4s42od48xg2o,46.99,352616,697.87,4548174,56
r1chqu0oeevv,12.41,45440,1789.13,4315099,500
2rsi8gjp48o3,33.13,138210,1362.5,4325050,143
12cisban1cx3,33.37,163309,615.58,4400205,43
efj0891qc6jq,40.54,279971,865.88,4276336,122
gy0e9vabw634,43.58,321554,848.95,4227283,307
9jbx01z5gtxr,67.38,817747,680.75,4337206,54
8tg7l0gp6t8i,28.49,106124,1123.69,4223376,153
dmzm4okbf7lm,60.96,650305,650.69,4284537,64
16w27nriwki7,53.86,469795,599.33,4187212,50
vzrdvwggntbe,35.86,223558,1051.87,4190627,112
c8ufw1wenlcv,11.11,99312,1074.16,4186125,468
ha7witbd1le0,48.6,399936,859.49,4200667,128
1626u0on42wa,9.57,10775,996.81,4165445,76
p41wfozc0ud7,46.27,360978,852.38,4197022,297
31z8z07twj74,33.54,275115,432.64,4173197,72
i9qlwuqycw2w,29.19,156983,1578.86,4154531,209
bgomyw9xw8l9,31.52,178477,1166.54,4157214,338
sz5vqnnm5v78,47.74,385527,835.62,4147666,292
1ly3tqyibn7t,44.26,276614,884.63,4168423,287
9rqn4ra1iy7i,27.29,140404,740.35,4170669,110
lndgoe5o7gfi,60.63,642597,621.71,4226282,39
a9xc5o9i8fwt,7.13,43147,2231.21,4118578,414
sy5e8qfcesm5,42.26,301737,851.28,4136068,119
d730naaxdo98,43.06,314072,816.69,4116597,300
tvc4fk2fu8nw,46.1,358500,877.48,4141965,135
kivlp5ml9pdy,57.53,571583,597.95,4093047,46
ewzv4h705i0q,46.51,364367,852.61,4092167,302
gz1tpcbpq8e4,55.5,650960,449.6,4139687,60
j4lnaukxsb3r,36.36,228911,842.29,4038688,121
0kzjxvn1131o,9.78,990,1440.18,4028529,194
ppfvnivylfgw,42.95,312358,792.46,4056695,275
0chspssmo20m,9.06,46100,2256.41,4021255,403
dkhaqemc45fu,37.15,237573,1013.73,4025504,176
0xezpk9jihxx,13.66,36192,1241.23,4048172,163
r6rmw6gt3bbq,16.12,64808,2725.53,4017152,289
9jlwugp2b8vg,35.04,214652,1154.74,4006529,154
f1brsqz8uv6r,97.43,1938742,313.21,4114973,27
r3se54e7i66x,37.4,240285,849.67,3975024,124
lx9ee7uxqy4z,41.15,287723,814.06,3980834,283
zgu4z05108zr,49.63,416987,830.51,4008139,299
196qps44dyx2,33.08,137849,860.46,3953690,126
vlpbi1dzfpjo,66.18,784073,585.75,4199637,50
dzywz8xi5ftd,49.0,406449,821.02,3977988,289
zpw6bzpgah31,42.84,310804,837.94,3947668,290
tepa5k4n37id,67.97,834546,586.08,4019898,49
4hhibhidkgsk,33.57,165070,864.97,3919802,62
0vgg8kdbgrcm,33.22,138812,834.4,3907255,277
h7kaz4ojpem1,35.04,214592,809.26,3916328,61
zi5bmxj7h487,46.55,364993,838.05,3928126,120
zojk7gpynm9v,102.65,2175554,241.69,3896874,34
1943ewkvgml7,23.8,113478,807.28,3855672,40
dpf6sag4jitx,50.15,654919,448.37,3989104,51
7wudqhlp18d5,21.91,17080,1510.13,3842200,862
5bs60iq4epr5,25.3,88323,1983.51,3848910,324
dk4pe4gnlu1b,95.34,1845742,248.18,3993686,49
yoii23gfcab8,9.71,12620,1364.55,3753061,201
hck16915zol7,28.23,147617,1268.02,3758046,132
hh4e956qf5n7,46.66,367396,783.95,3757994,274
0l25dwfun8sf,21.94,100299,758.12,3713206,59
g5hzmc583gxf,41.33,289886,782.03,3687844,275
16ugwi4w9gvg,31.35,125900,780.33,3673685,255
qf79klh10ydd,44.72,338314,836.27,3765852,41
pexfkarw6rmt,46.19,359834,948.26,3696611,88
b4htwkesopkr,59.84,624029,544.08,3779135,47
9ah2jzde00p4,67.77,828942,540.56,3811149,50
2v7w7pwj3bju,15.92,63730,933.25,3659072,125
1iqjkyscqx5q,48.32,373512,569.34,3678989,47
ispmsaibsr3v,86.96,2333853,353.66,3854029,21
vw36s87j8z5u,13.65,50835,2502.67,3662936,320
qu4jpc0gcw8p,61.5,663043,541.17,3640023,51
2nn5fpqdc2rc,47.04,353436,580.1,3725184,49
gwjsagk03lho,43.9,326333,803.48,3676641,94
jv2l6mb0lwih,59.56,617563,506.51,3626273,53
swae7rhz8ve3,44.87,340533,653.31,3632443,64
00wjugfnbgxd,42.67,257258,646.83,3578761,22
fxtdwj7uc0wb,22.95,106764,1415.54,3553255,159
teg5bbzfxc7b,29.7,161660,1112.07,3570587,157
3gcaciuxpu3i,61.41,628166,394.33,3799324,35
mq62o9j8n6cc,63.4,710853,504.03,3533039,44
trsoxyuw9e5c,38.39,252683,706.43,3496246,57
0pg5p5ciyegg,26.23,93514,644.32,3494453,59
1a6km6inepcj,46.03,298231,545.77,3490311,44
8rjzcx1cy591,24.09,81555,1125.11,3505022,168
3h45vttpmc1y,43.86,271762,643.3,3609000,56
fsanmbzcod5z,16.89,39787,1448.33,3486721,283
vw0iw4qc6bk2,29.9,163510,1089.47,3496283,150
kc5984n41mpw,63.97,725599,529.69,3529119,47
np0salw3pr02,61.37,659943,520.49,3456699,50
k6sdbp2qlmbh,60.02,628358,490.41,3460078,53
60ikl2xr6fw0,23.81,79990,1036.71,3427511,140
151ktyjxhv38,45.91,296831,516.83,3397018,49
gd2pq9qs3zw8,48.2,393190,1030.51,3448320,133
90t9i7vw5p1o,65.03,753001,499.42,3598703,46
o3kc9jo44xel,51.91,458441,581.45,3464263,31
zgabadxkvaqu,67.49,820976,479.38,3350954,43
g7jq513cpeqk,29.45,159416,1334.17,3399198,295
u3pvzgtnc73d,65.73,771529,521.08,3536528,47
xpgpt77uakdm,62.14,678563,484.54,3415317,44
ds4b7hhq9hbp,66.44,791336,504.23,3371762,46
0l7av75r73qc,54.01,472560,494.35,3200260,19
bd8eu46u7oc1,45.95,498792,522.83,3323287,31
x1muylec2oeb,29.28,157823,854.58,3229679,162
zzswbpwrprwt,71.4,936241,479.69,3425934,44
rnewlbis9b1g,65.13,755566,478.55,3396687,43
4m563nl35q9l,50.11,403145,524.73,3392477,42
94u9fyai6z23,23.27,108800,1096.28,3206878,83
amtl9nfrpkgo,57.0,560321,468.55,3166132,42
mhekmwve499k,28.74,152826,1005.78,3173531,143
lryrhjp9qdls,32.65,188842,959.98,3164529,140
9mhyn70mcsfd,36.83,234024,13409.68,3166563,557
rxx7953lqc1w,58.96,603355,476.28,3117296,50
52lyld42yrk6,47.18,355451,509.54,3298585,37
qcjmwkp8az42,62.95,699277,479.27,3240815,48
m5dxg6p7kn4p,49.35,632197,425.87,3174206,46
tngyjyyq61ms,54.84,514630,461.44,3083015,46
doehejksggrf,37.92,246776,603.72,3241628,55
1anvd76d035e,9.58,16736,2603.45,3041695,344
p26x9xitvztd,50.15,425700,597.98,3134068,134
ryyqaa6kyng9,34.19,205385,845.66,3057673,96
0nsxel61zbyb,12.17,30984,686.74,2969037,176
lalx5wb89u9w,58.65,596141,465.16,3046358,52
xldvuhxzhdc2,11.12,39800,1238.41,2860460,982
mwaqk6pg3669,45.38,347997,659.74,2970739,33
4xdg9bstya32,44.81,321091,430.61,2824161,45
6q1wr17ift7g,44.09,274531,426.54,2793237,34
ehemin83sb2m,9.55,11147,690.06,2769754,68
0alclz9emg1h,9.53,4396,1444.57,2756973,142
0idpws67mclx,20.34,63196,522.01,2734250,46
x7s7isveizv5,33.27,195429,954.87,2797047,175
s5m00b821q96,9.95,16736,6143.0,2715021,404
l1sa7zh0vidz,48.32,395174,610.88,2787954,59
0ukw705ipmtp,5.67,4452,31155.59,2675709,22501
7g6myfcwja5j,45.28,327958,421.88,2694932,39
43nkcsldq53n,38.13,207649,580.41,2684278,54
zn1sco31w565,63.68,718190,345.94,2735117,28
jlwjuhd50apj,53.59,490019,504.12,2654827,39
iqraioqk05dn,42.15,300270,684.55,2715844,47
pdr6sa986aij,44.63,336959,551.08,2628110,51
5jx7mdr6qupf,27.46,100377,699.87,2644657,52
6yrceeh9apgs,43.7,269864,513.17,2750916,29
0d990wgxma1c,9.68,15916,7572.67,2604224,621
8nbpz15tkpj0,24.55,84140,2669.6,2627556,237
wa0wcjpbnlii,18.27,76158,874.52,2636025,140
i1dzpf59dang,33.39,196700,722.65,2626692,59
23ug28di9jrq,19.53,59597,1363.91,2587515,133
11u8hrvzr0lj,9.78,8368,1285.19,2567880,342
5fy46t1h3gh8,36.03,186538,641.99,2624943,117
bq35vhjks1oe,99.48,2030243,185.67,2649638,20
wy1984g13dhi,25.4,125804,966.55,2571332,137
z8t9j29eyuog,26.49,134237,863.59,2586218,99
6r479y56hlos,45.94,297081,393.42,2638838,38
s9uckuhisih9,63.62,716696,360.69,2524597,40
tdu9hldebjj9,63.11,703588,393.94,2726205,34
4nngxc7miqqn,35.22,179465,1092.93,2510882,214
gkh9y19l6r9w,69.52,879086,350.02,2504687,36
7hvpwki6bwr6,44.53,280006,495.19,2537282,66
70nhinpii4k8,16.33,45573,806.05,2502833,128
l2cob6v99mch,13.86,52821,913.81,2502552,182
7mokqlolodgb,48.69,379596,391.36,2604189,22
onmxre1cfnnv,67.29,815230,351.22,2532696,36
c8idqyz7btsw,64.53,740085,357.88,2654354,35
wul1e2rawwig,10.03,70986,1566.65,2455145,218
47ome24xlucm,54.27,477480,413.36,2647317,33
aw6cauagogsx,59.15,607856,372.44,2414609,37
0ezdoyx253kg,11.12,27004,990.29,2398693,114
u3fvyynh6n33,55.5,528721,374.86,2403767,38
ddugsoh6d1ys,24.73,120625,837.92,2415846,94
wqfydunhddqw,58.1,583485,366.24,2403058,38
dfsqoprrgnh4,39.92,272053,564.24,2386607,49
89vrqehjq89s,47.72,363224,396.04,2518617,35
2lmgvv7gxixk,46.74,349107,526.51,2383074,61
53nhksoxqguh,48.45,375608,369.93,2368353,37
xbmq6q9axaqr,46.45,363579,627.0,2419586,86
g8blmiqq9oor,37.47,240967,742.34,2382306,89
zwrtj7x3faah,50.06,424246,473.08,2514874,49
lo9g07thurz0,43.64,322514,519.4,2324198,70
sq7eb5qlxau2,54.57,508531,549.52,2439589,101
7punxnlft433,25.89,9002,2212.89,2323963,125
j7uu2qkh34b1,12.39,45346,749.29,2324912,176
086n2bdtandc,9.81,23363,977.03,2292553,130
ec40g4ynzfk1,60.78,646166,320.72,2307593,32
92q6brv95vd6,57.16,563723,344.87,2271126,32
uzobkhkaba54,13.59,50574,1071.33,2229291,209
zavs1h6c375g,64.39,736347,325.12,2248783,26
tuw0mgnr3zyf,18.27,76143,985.49,2240528,340
2sj50ovn8vdn,50.6,411268,351.46,2466039,29
125tn6ysppn4,44.37,277960,356.93,2209015,36
90qce72gs355,3.04,8028,714.1,2167191,107
qn2kh9bw4lv1,59.63,619235,302.44,2195351,30
89kdh92e968g,46.82,350245,336.99,2264070,31
92fhg8ivl8zm,64.93,750367,294.18,2157200,27
d6dgywd0uy4n,17.33,71203,1568.38,2173631,252
16wpdrm6a7r8,9.98,9933,2348.23,2152071,243
sfuy4e2w2dst,11.87,43082,913.58,2136963,234
fys2rmdvvihw,5.46,72726,1274.7,2162194,155
01b3xi2q3frq,14.09,37700,1338.77,2142181,427
lhpood7yv5b4,72.34,964783,245.72,2135480,37
0obsy0gezrzi,25.88,91552,733.25,2118683,121
bqn7y336si7v,22.6,104504,886.05,2165814,139
6gvxvorpfntk,28.9,108418,496.03,2129365,51
j6m36kxhgwyg,52.57,470854,295.17,2140617,50
gltfxbd139ok,14.74,57500,2340.14,2138159,162
984uzgpi01i7,58.93,602644,275.81,2104867,29
v7n8lsu3vfrd,67.4,818411,301.05,2291748,29
0gy2ejyet9qn,41.91,247971,334.29,2042507,28
irjkwrvjdl5h,59.01,604680,333.18,2157204,28
zmtjffpnznk5,60.02,628402,293.73,2054647,37
p3qw77rgxhe0,59.73,621566,273.93,2026715,28
xhj7s029iccw,32.81,190334,785.68,2074374,109
vj2t27ymxsby,64.19,731253,285.1,2004396,34
x1r9b8if6fcw,67.37,817636,261.04,1972647,29
9gg06mh9auyt,62.1,677031,248.91,2160148,107
0ucss72d9uzg,5.38,19857,1034.81,1902142,150
19jxg9bsjs1x,9.81,9382,422.21,1906632,86
pgsjrp2xznb2,59.03,605099,288.25,1978959,33
pvgizk3tnt0q,13.51,50208,1238.65,1878705,330
79ijztrfkwoz,18.71,55948,649.57,1894531,81
1auic6k01x5g,46.57,346647,378.69,1845091,22
enu5u9hxtg8s,36.4,229422,460.49,1859005,70
y5it78vgn1j9,67.72,827506,780.31,2122413,93
9hs5n1fxddrp,24.23,116760,615.04,1867975,133
iau7qmpbpe4r,56.05,777279,291.48,2093810,17
0qjt8cp39z4l,9.72,3100,749.48,1831685,101
26k9mhyqisce,20.13,62257,719.31,1857380,81
lxejqd3uo7ob,63.5,713434,262.54,1928914,28
0harh2sxdo8s,34.36,171973,319.59,1986421,29
devem6m66i0y,16.63,67478,630.5,1785690,216
xcb9w7gzziwh,35.92,224240,484.53,1780719,72
0j2t49ijjfl4,9.78,18276,566.09,1754186,106
dkes1covxksq,65.62,768170,213.61,1732320,26
0cy1xsm81ci1,15.13,41358,1186.4,1724446,149
y63d4lm5xb4w,63.15,704420,225.17,1745205,25
182rn88rpcqj,42.21,251669,270.68,1681915,28
dpyje1ougn85,30.19,166217,500.6,1721631,75
jlzpg52x9cwu,60.71,644386,255.11,1773488,27
8se24yd3j66p,43.58,303397,252.07,1660241,28
08r115xxpn6u,48.94,383849,336.22,1651939,15
qsc0v13cju0q,30.29,167092,547.99,1682320,63
wksgjtx3h0j6,14.47,56051,460.91,1651499,88
0gij50nk3859,19.91,61254,572.74,1643855,78
m4dlufpla2x5,67.26,814460,251.63,1812946,30
0gp85oe4cea7,43.25,264281,352.97,1642261,15
1l1xktk9jwij,49.94,400361,257.68,1787848,23
bdq88pdudzxu,16.97,69295,608.83,1612194,177
nkiil3n7go6j,67.18,812203,212.46,1670446,26
blgqzhluncgg,60.8,646628,216.13,1595096,28
nthr746iva9e,83.31,1348817,186.23,1865817,20
1zft4enmm3n3,15.74,62783,638.51,1583479,75
uzol5ib36y2p,54.88,782496,291.06,1939278,15
8h36n15a80ru,9.58,16736,802.42,1566538,112
joqfkmll1z0v,18.01,74777,704.15,1575157,83
nyxy99yxfoid,16.87,68771,756.11,1556193,145
33zjmbm1rvuj,13.69,36291,695.78,1532704,238
097j0cwjjd8x,9.75,2530,883.04,1526593,95
ly03tb2zqsvh,14.84,58043,365.33,1530910,30
bmaiyomptvdc,69.23,870314,134.91,1555280,21
zc24prhziu1v,79.2,1195651,184.72,1748027,18
gmdide61erz5,65.96,777788,220.51,1654182,25
t5ka3ljiqtt1,18.65,79190,482.09,1559837,70
xgci0st67cib,75.76,1076215,164.73,1501688,20
jnha76xcxz4y,29.94,163906,402.67,1537326,47
v39jc4ddueeq,20.31,89827,574.38,1470916,167
358mgvvxt0m7,44.45,315887,235.78,1487174,27
kk0ko1yi4mo7,60.02,628263,214.83,1561523,25
6cfeem1y36np,19.25,58341,557.77,1467067,68
c4q5oe7fk2aw,18.83,80347,507.3,1427067,164
0kbtpl02glz1,9.99,3758,1358.77,1421806,207
29nvae91eaqj,49.02,385025,235.93,1509249,23
cgu8j7ib5hgd,30.93,173049,388.48,1464653,55
ny8rcoesyz40,47.73,385252,310.57,1483822,27
0mmp4w3nx58t,11.57,37173,566.55,1396361,71
lbnouha83x6z,13.02,48068,591.19,1434596,84
1dabtubv9r6a,17.86,52124,513.56,1404787,60
n8wrv76cokfy,10.69,63891,522.35,1418359,100
qliqeex34mqq,69.84,888807,172.2,1396455,35
rjl0nxv5ikjg,41.16,287816,370.31,1411556,45
0uk9qhke8frd,40.2,229187,306.22,1311956,13
333z1yonnl22,30.08,117145,373.31,1322374,91
zsk1fmg8q0nx,33.08,192818,359.89,1309816,32
wusqq0sss2in,22.61,104608,1650.84,1335319,252
5c8fy6699755,11.53,28131,719.6,1284129,131
x7azn1xi1nu6,9.79,34028,638.56,1240829,204
t898pv1ym2qq,21.02,94365,507.54,1257020,127
dobniw3gb38t,9.66,33472,1161.5,1231629,205
0bcfi84gbl9o,30.81,122170,316.74,1218382,26
zhv9f1995nji,44.1,329227,497.34,1283349,120
8f0dgnkeydx2,23.0,75032,417.93,1221039,65
vpijextxvbu1,51.88,727743,261.34,1522471,14
12c5xqgmt0j7,15.65,43200,774.41,1161739,131
wpv1o9z8e05i,9.65,27198,611.38,1155573,111
r9vr9dnruh27,21.42,96975,355.19,1133174,33
g409sm0lmnqa,70.45,907402,107.83,1147446,17
mgqdw2bbu3o8,21.56,97868,342.64,1120291,61
0r1wcafgsmlq,9.57,22694,199.91,1128332,20
041v0vk8c2vd,6.61,32885,335.33,1105408,50
bp7cxrgfysoc,23.49,110206,385.23,1101858,128
27bg92zq2woz,45.93,337418,157.96,1098930,18
yzqxzkl0ip8m,50.44,430456,419.19,1222738,57
0djxo14vebjn,5.91,28317,285.65,1032596,50
0rrx7q7kvyck,4.52,33272,333.79,1036841,57
vrorduukzvrj,13.02,48068,193.59,1045861,31
cbu3kzfhpggb,13.77,52368,520.53,1033834,339
4t1ihmf2xkes,31.59,127576,272.6,1025632,39
0s5qr2ninw5e,18.74,56057,490.09,982389,68
0cys7yewkyag,57.77,547707,149.3,973773,13
dpe9ycebm20l,17.12,70082,357.01,1036713,69
0aydwh3c87t8,9.93,22334,411.08,911647,53
0sh6cqa9l1qb,43.05,261948,208.96,901155,26
mh0tp85qdpq7,13.09,48374,446.72,911492,160
0x88nqje81fm,13.08,34183,412.0,860221,45
hjbxvgbqgmda,9.64,18175,459.98,873998,106
0jh031zmigv7,9.78,8368,1082.74,856354,141
iv4la9da43z4,36.27,323326,184.57,939880,15
wlpi57agrlvs,55.8,535057,163.14,964866,16
00tz6ixeydkf,9.57,4653,648.13,830891,138
00w0tfw07qat,9.89,8368,301.99,839383,40
qhaodhmohcgb,52.73,473843,120.82,844121,20
fe2jzxisnxm6,50.01,423387,180.16,930637,13
3isxgpunk1cp,15.4,42300,452.95,817995,120
0batummg4xg7,28.02,103517,393.32,810876,58
037419rpiscd,33.73,166498,199.5,797963,25
07ccqcvverrl,9.64,21573,462.2,800512,53
lnia4z38k10k,17.77,73496,370.59,816165,54
sbjmasq819aj,18.66,79280,631.47,801247,95
2thfbt4iew2t,19.36,58802,335.52,805177,56
3mkelfulayrx,54.39,479742,155.51,985509,18
11j929xl2l6e,44.96,285249,137.51,741150,20
vlnecw6v8xo2,50.23,427055,113.43,737581,17
4ijlylijfajd,9.52,28351,666.19,734358,97
2jug7v1el19d,9.53,5713,926.94,729934,127
k8rkhl5sa1qa,57.03,561002,109.3,816346,19
svkwgkftuv9c,17.3,71027,345.69,732467,40
w303g3h8dpj1,14.94,58555,320.71,701659,46
n43srxhsg7xx,50.31,428373,124.88,716650,20
kx06b9a2ay5z,9.83,26232,378.18,704261,83
rcxt3qwim9h5,56.24,544316,87.44,719852,14
k4ncylmcrh8i,60.45,638378,110.07,843584,19
fcl7b66wujiq,9.9,34516,396.73,682953,90
ea8if37akldn,58.64,595989,96.72,844733,13
p6ziwra4lhlm,20.34,15250,723.01,676391,273
zg58ldxeyfik,12.23,44629,414.75,688791,92
y8brr4bcf2vm,21.38,96684,294.77,677915,61
wdcxvpfxui4w,21.76,99117,232.79,674646,39
rz8tmggkk5ih,13.01,48059,479.67,683574,170
0w265e6av5f9,5.13,21651,219.34,661401,22
0clh9wec8xnq,9.57,36220,200.98,636223,16
c5ljo365v9cc,58.2,585695,91.68,783376,16
slp0o5n77bzp,57.46,570133,117.57,846784,22
0lkwiojntbyd,9.62,21522,334.41,608370,42
0e8wl8jvxdic,11.1,26945,428.96,630865,52
unjjis1zrn5h,51.24,445710,108.31,697543,15
8e9hn7m8eysu,17.7,51413,330.76,618019,37
02objhyafavj,9.85,14566,564.36,589432,130
wpuy67sra5ba,43.27,317108,127.21,701748,11
0hp3vb6evwa0,17.73,50501,294.74,565719,40
3yuza3bppj5e,9.96,12540,657.8,557040,88
11w410wnlp2o,21.35,67672,270.68,546927,37
hkwvk5qhk0fk,19.85,86860,243.76,551113,40
vtqxk4gvk1gv,39.88,271599,94.15,774459,17
0r7nt7jqetvy,30.81,122170,118.6,518420,9
t1z3ijg2r54x,41.03,286158,107.41,525204,23
kslm2z7g5tmt,51.67,453824,112.19,732500,14
019vcmalri4c,32.54,156074,125.11,496365,12
a9ph03av3p53,13.51,50208,188.06,485757,55
g7oncjezstl8,29.1,156145,123.09,486033,23
76w130m8p1ou,9.58,16736,445.59,473084,64
nura1o2ynq6h,20.7,92333,185.12,470828,59
c6dgqkivcogp,62.37,684328,80.47,759568,12
0d4q9ona6em6,30.81,122170,90.78,445288,8
ym4q6twhvmzh,53.0,478971,79.5,613277,15
f13ucbekkza0,9.94,25104,469.86,452880,66
l5eiuov10vt9,37.04,236351,107.84,509299,17
op4izcovc3ro,44.67,337601,78.2,535779,12
pdozk9mdy50r,29.4,158904,100.98,435924,15
o2riiq6tns28,37.88,246196,70.46,434444,12
0um2zrp05cka,9.71,7426,313.32,423945,52
e33zj8arb4yr,51.73,454911,83.81,638519,13
fns2zko97roa,9.8,4090,2488.99,408125,275
wt0g2d8eie95,39.03,260810,87.93,472218,11
nx3qyv5abz5a,16.98,69311,180.82,400107,23
itvrro7iwevs,16.42,66373,270.84,365818,150
9noqbukqka65,43.32,317866,99.06,399615,17
00rcabn4cggc,12.2,29985,273.82,339865,67
gk49daldbkqp,9.52,30807,296.96,337409,62
rv1uk579lzlc,48.44,397242,77.47,552780,11
onizfpmc5ar0,9.85,15580,401.58,325719,94
e1g4em0af3o2,16.12,64788,416.07,372544,73
01c4ismo46xq,23.95,80793,72.42,300607,6
0urwttn46u4g,9.52,3955,667.69,299765,74
z734569jgyb1,35.31,217600,61.97,353140,6
y5sf1tbayebm,9.53,8488,363.67,296123,73
18dfz0cwtyzq,28.16,104283,83.71,281888,9
0z0wbjmawrbv,9.89,8368,304.18,281046,37
0g2ctkyck2dp,9.65,3100,332.55,278320,64
0avs7x5ppq8f,9.6,15757,149.05,276387,22
1210gankbs9o,9.8,1157,589.65,275503,75
dvub0e8a78fk,16.33,65896,110.74,272960,33
gr9lb550jinc,9.52,13047,294.45,242468,66
lvfmxa9icsn3,9.64,21629,210.56,245633,90
0tprezavde50,10.03,23984,153.45,230370,23
17fnj846hqnv,9.69,12602,223.84,228499,27
08nhdcbslb7z,9.78,8368,256.8,226465,39
02otwjbwgtpj,9.51,13303,342.57,217415,42
pgaexeskwrun,9.95,16736,208.03,217597,28
0eyldmwnyir0,9.89,2939,379.69,211395,54
08axjwq5k5pz,9.73,2524,379.55,192904,47
eqx7umlm85cq,16.14,64876,64.89,191463,19
131gmbws5kle,9.61,2368,409.59,180596,56
ikgxv8vctybp,9.97,15809,224.78,177211,39
06a7cubbd6fm,9.86,15288,176.9,169489,23
gbdp16b8fwbg,9.88,184,73.65,163837,15
qcciyphmzzyn,9.56,21435,232.77,167330,35
0bbr84xpmdxe,12.89,33500,45.89,156882,4
9oqypk4hhhjn,13.02,48068,66.65,187172,9
0wrzkrjkfg93,9.69,8644,147.64,139586,18
9e60zn2eg6vu,9.87,30202,136.8,144535,26
sltcszt3vahu,6.43,4936,171.76,140736,42
0rjk7ombdeqe,21.37,67770,45.19,133447,4
0hr81toj1e8q,9.78,8368,147.82,129595,21
08qdousdk6kr,9.81,2821,215.65,125334,34
0c21ra2dxa1m,11.94,30179,62.68,122196,17
wm15jc83unby,9.93,17726,175.52,121858,31
fvne381a3t90,10.4,6280,361.63,112340,59
x1ot1m2gfsb6,6.66,4853,179.95,108944,36
0r59091znxpl,9.78,8368,156.94,91756,23
pzha88a1kf75,11.89,43171,70.52,114352,11
0gnjvskys70e,9.77,7906,177.5,87632,27
0n6tx91pz2fw,7.63,2570,125.82,85899,28
zms3w4ijuhlt,9.18,5134,141.6,88323,29
03tzqy2r1r9r,9.55,15648,116.86,79530,16
fxs4zlhjs766,9.75,17348,126.54,79576,24
fhjimmiq4128,9.66,11902,136.81,77047,23
l950lk4eoiar,10.0,16836,126.26,74947,20
196fau3or42e,9.91,3113,116.95,63548,22
05aam4mcke1i,9.58,2754,125.89,60337,18
si5rq7n3fxoj,9.86,4814,135.98,57024,21
11983tpm1ufd,9.63,3600,129.34,50250,30
afnk0rcdibwu,9.94,25104,29.66,58576,7
098yxrv3vf2v,9.79,2292,175.43,49918,20
5w1tws2yl216,9.93,16695,107.65,54841,17
0qffrkw8zb7i,9.93,5106,156.0,48463,17
t1ltrlan492k,9.62,4696,116.86,48746,16
qa3xouqj931j,9.96,7561,107.49,46591,16
8qugbi6mdf1o,9.59,5457,117.14,46309,15
17gxz8hvbn7c,9.7,4492,164.24,43597,19
0jw45g060m89,9.89,4352,155.77,42654,20
ldi3n8lrgk3y,9.94,25104,39.14,47130,8
18h2o2vux6rp,9.94,5367,107.83,36469,15
malc0t6u6wjl,9.86,5069,106.19,36846,14
71w3wrgr0zc6,9.73,802,136.88,33120,76
0syrvtlcjyw9,9.65,2795,88.54,26517,12
nvofm8omlpmj,9.92,19893,39.14,33053,13
aomdl30joncb,9.95,16736,19.9,33472,4
0ijblsodkh4u,9.78,8368,19.73,25104,3
beusqoduuj1j,10.06,6014,69.76,26208,29
eqq2x1c8w8pc,9.64,3583,71.48,23748,27
0zryw8evyvvd,9.78,990,77.76,14540,10
0wx3o8x2lvzh,9.69,558,137.88,13915,64
0tbrl1mwsjuy,9.63,6200,38.73,13232,7
0v5kodwogs4y,9.63,3600,38.75,13270,6
16yrc8gn34um,9.96,467,87.85,12627,12
02zmge6yohjk,9.52,495,126.82,10360,62
ua630j23azlj,9.8,4090,48.68,9040,7
s286st4lwrg9,9.7,23079,19.64,24942,4
m6on112qzrjn,9.88,3478,19.76,6582,5
0ifx7o2vxcxq,9.78,990,38.64,4601,5
